genome,completeness,contamination
TOBG_SP-261.fna,55.17,0
TOBG_SP-3072.fna,88.2,7.94
TOBG_SP-3094.fna,93.63,7.8
TOBG_SP-318.fna,55.56,0.43
TOBG_SAT-1488.fna,60.82,4.63
TOBG_NAT-236.fna,91.9,8.7
TOBG_EAC-39.fna,99.26,0.77
TOBG_MED-706.fna,72.4,1.6
TOBG_SP-306.fna,85.91,4.46
TOBG_IN-7.fna,99.76,4.03
TOBG_NP-114.fna,65.53,0.97
TOBG_SP-251.fna,74.05,0.89
TOBG_SP-255.fna,54.74,1.22
TOBG_SP-254.fna,53.4,1.1
TOBG_SP-258.fna,94.4,3.2
TOBG_MED-1105.fna,90.11,6.04
TOBG_MED-950.fna,71.49,3.76
TOBG_SAT-86.fna,74.48,0.57
TOBG_SAT-85.fna,99,5.79
TOBG_MED-1247.fna,77.25,2.37
TOBG_CPC-82.fna,94.2,1.86
TOBG_CPC-81.fna,84.89,1.05
TOBG_CPC-87.fna,69.81,1.63
TOBG_MED-174.fna,61.21,3.38
TOBG_NAT-227.fna,55.6,2.15
TOBG_EAC-27.fna,81.2,1.35
TOBG_EAC-24.fna,87.18,2.56
TOBG_SP-66.fna,57.95,1.08
TOBG_MED-771.fna,63.25,1.72
TOBG_MED-773.fna,68.38,1.78
TOBG_MED-774.fna,58.76,0.98
TOBG_MED-777.fna,80.06,3.2
TOBG_RS-824.fna,58.58,0
TOBG_RS-825.fna,65.02,4.05
TOBG_MED-609.fna,85.23,1.61
TOBG_MED-600.fna,57.69,0.3
TOBG_MED-601.fna,97.58,6.47
TOBG_SAT-114.fna,89.77,3.47
TOBG_ARS-1182.fna,53.58,0.93
TOBG_NP-102.fna,66.38,1.72
TOBG_NP-103.fna,89.78,1.08
TOBG_SP-249.fna,86.81,2.93
TOBG_SP-331.fna,86.25,2.88
TOBG_IN-1077.fna,77.35,2.14
TOBG_CPC-71.fna,98.51,1.55
TOBG_CPC-79.fna,96.63,4.96
TOBG_CPC-96.fna,89.77,2.74
TOBG_NAT-257.fna,60.1,4.44
TOBG_MED-763.fna,97.79,7.84
TOBG_MED-762.fna,82.72,4.41
TOBG_MED-761.fna,50.87,0
TOBG_MED-767.fna,73.05,1.16
TOBG_MED-765.fna,95.73,0.46
TOBG_MED-619.fna,82.12,1
TOBG_MED-614.fna,81.37,4.99
TOBG_NP-1324.fna,67,0.5
TOBG_RS-456.fna,94.39,6.57
TOBG_MED-1122.fna,88.3,8.16
TOBG_ARS-1040.fna,56.96,2.34
TOBG_NP-42.fna,86.48,4.9
TOBG_SP-347.fna,73.58,0.03
TOBG_SP-341.fna,78.38,1.08
TOBG_MED-972.fna,83.52,8.24
TOBG_SP-298.fna,55.17,0
TOBG_SAT-1584.fna,62.15,3.25
TOBG_SAT-1568.fna,71.93,3.41
TOBG_SAT-1560.fna,60.37,2.39
TOBG_NP-1159.fna,52.67,1.6
TOBG_NAT-244.fna,55.49,3.45
TOBG_MED-750.fna,53.47,1.98
TOBG_MED-751.fna,54.65,0.57
TOBG_MED-598.fna,97.8,1.1
TOBG_MED-594.fna,96.58,7.26
TOBG_MED-596.fna,96.59,5.38
TOBG_MED-597.fna,80.95,1.35
TOBG_MED-590.fna,91.89,4.05
TOBG_MED-591.fna,80.59,1.35
TOBG_MED-593.fna,95.21,8
TOBG_NP-1080.fna,50.9,0
TOBG_MED-629.fna,79.03,1.5
TOBG_MED-622.fna,96.51,6
TOBG_MED-623.fna,100,9.68
TOBG_MED-627.fna,64.01,1.97
TOBG_RS-421.fna,89.56,2.2
TOBG_RS-449.fna,51.49,3.96
TOBG_SP-355.fna,55.17,1.72
TOBG_SP-356.fna,51.88,1.72
TOBG_SP-191.fna,82.21,3.45
TOBG_RS-444.fna,51.92,2.69
TOBG_RS-445.fna,60.16,3.42
TOBG_SP-4170.fna,50.78,1.72
TOBG_SP-348.fna,76.07,1.28
TOBG_MED-749.fna,51.26,1.91
TOBG_MED-748.fna,93.3,4.33
TOBG_MED-741.fna,97.3,8.11
TOBG_MED-744.fna,98.28,8.46
TOBG_MED-747.fna,91.26,0.55
TOBG_CPC-299.fna,60.13,2.44
TOBG_CPC-296.fna,79.78,3.93
TOBG_NAT-5.fna,97.72,5.4
TOBG_MED-637.fna,91.14,3.51
TOBG_MED-632.fna,87.65,3.05
TOBG_SP-31.fna,90.14,2.15
TOBG_SAT-195.fna,88.39,1.79
TOBG_SAT-192.fna,61.03,0
TOBG_SAT-193.fna,83.52,0
TOBG_SAT-191.fna,61.06,1.98
TOBG_RS-475.fna,51.98,2.76
TOBG_SAT-171.fna,67.82,0.99
TOBG_NP-67.fna,64.25,0
TOBG_SAT-2814.fna,51.72,0
TOBG_SP-162.fna,99.46,0
TOBG_SP-3114.fna,55.17,3.45
TOBG_RS-652.fna,84.82,5.17
TOBG_IN-1207.fna,60.54,0.96
TOBG_ARS-53.fna,68.65,0.86
TOBG_MED-826.fna,62.25,3.32
TOBG_MED-820.fna,90.14,7.93
TOBG_EAC-80.fna,50.44,1.1
TOBG_EAC-83.fna,75.82,0.2
TOBG_MED-643.fna,99.93,9.77
TOBG_MED-645.fna,96.7,0
TOBG_SAT-65.fna,75.95,1.08
TOBG_MED-729.fna,80.3,3.28
TOBG_NAT-176.fna,91.76,0
TOBG_NAT-109.fna,85.36,2.9
TOBG_EAC-111.fna,52.51,0.85
TOBG_EAC-119.fna,51.2,0.61
TOBG_MED-1270.fna,73.5,0
TOBG_NAT-34.fna,70.18,0.83
TOBG_NAT-32.fna,96.62,8.11
TOBG_RS-535.fna,83.33,0.99
TOBG_SAT-167.fna,62.07,1.72
TOBG_SAT-163.fna,50.86,0
TOBG_NP-71.fna,52.14,0.85
TOBG_SP-3106.fna,70.69,3.45
TOBG_SP-3101.fna,51.72,3.45
TOBG_SP-2987.fna,58.25,2.91
TOBG_RS-468.fna,54.3,3.4
TOBG_RS-469.fna,69.27,2.04
TOBG_SP-2981.fna,50.17,3.47
TOBG_RS-464.fna,94.39,5.13
TOBG_SP-4372.fna,55.17,3.45
TOBG_SP-2968.fna,63.1,2.38
TOBG_SAT-184.fna,74.14,1.31
TOBG_MED-837.fna,78.09,3.85
TOBG_MED-831.fna,79.48,4.35
TOBG_MED-651.fna,91.83,2.69
TOBG_MED-655.fna,88.86,2.72
TOBG_MED-654.fna,96.69,3.86
TOBG_MED-659.fna,95.62,2.15
TOBG_MED-658.fna,60.04,0.95
TOBG_SP-14.fna,72.35,0
TOBG_SP-15.fna,78.38,0.84
TOBG_SP-10.fna,92.27,0
TOBG_SP-12.fna,93.75,4.59
TOBG_NAT-115.fna,56.74,0.86
TOBG_NAT-112.fna,53.92,0.1
TOBG_MED-1269.fna,90.6,4.7
TOBG_NP-973.fna,90.56,7.75
TOBG_SP-149.fna,98.02,0.17
TOBG_MED-1076.fna,84.27,1.64
TOBG_RS-416.fna,91.66,4.84
TOBG_RS-419.fna,76.01,0
TOBG_NAT-27.fna,64.1,1.8
TOBG_SAT-1415.fna,80.79,7.72
TOBG_MED-932.fna,51.24,3.46
TOBG_MED-939.fna,53.44,4.42
TOBG_MED-791.fna,68.55,3.76
TOBG_SAT-59.fna,83.45,0.38
TOBG_MED-666.fna,90.57,2.69
TOBG_NAT-129.fna,90.58,2.48
TOBG_EAC-625.fna,88.08,7.75
TOBG_NP-983.fna,69.84,4.42
TOBG_EAC-622.fna,53.51,2.44
TOBG_EAC-628.fna,50.49,4.94
TOBG_EAC-1775.fna,57.93,3.24
TOBG_NAT-58.fna,54.84,1.76
TOBG_EAC-1795.fna,55.85,0
TOBG_SP-3018.fna,77.5,3.61
TOBG_MED-811.fna,60.55,3.68
TOBG_MED-813.fna,90.1,6.93
TOBG_SP-104.fna,98.14,3.23
TOBG_SP-4095.fna,56.59,0
TOBG_MED-679.fna,53.84,0.86
TOBG_MED-671.fna,93.11,0.98
TOBG_MED-673.fna,96.7,3.3
TOBG_MED-677.fna,87.37,2.47
TOBG_MED-676.fna,100,5.71
TOBG_SAT-208.fna,62.71,0
TOBG_SP-76.fna,96.07,0.57
TOBG_MED-789.fna,51.65,3.3
TOBG_EAC-2038.fna,69.28,4.43
TOBG_MED-783.fna,76.61,1.16
TOBG_CPC-324.fna,90.44,10
TOBG_NAT-139.fna,83.2,0.8
TOBG_NAT-136.fna,85.04,1.25
TOBG_SP-357.fna,66.12,1.22
TOBG_ARS-1021.fna,69.63,3.74
TOBG_NP-25.fna,94.33,1.26
TOBG_SP-128.fna,97.73,0
TOBG_SP-121.fna,95.45,5.68
TOBG_RS-430.fna,64.84,3.26
TOBG_RS-436.fna,64.27,3.32
TOBG_NAT-46.fna,92.66,2.75
TOBG_NAT-47.fna,57.05,0
TOBG_NAT-42.fna,55.34,1.94
TOBG_RS-346.fna,76.91,0
TOBG_SP-235.fna,51.35,0
TOBG_ARS-18.fna,83.13,4.89
TOBG_MED-868.fna,57.51,3.58
TOBG_MED-861.fna,75.78,2.03
TOBG_MED-862.fna,72.89,2.69
TOBG_MED-863.fna,52.49,2.56
TOBG_MED-865.fna,56.64,4.78
TOBG_SAT-1611.fna,79.9,3.65
TOBG_SAT-1614.fna,91.03,8.97
TOBG_EAC-42.fna,88.58,3.3
TOBG_MED-684.fna,51.69,1.83
TOBG_SP-63.fna,100,4.08
TOBG_EAC-2025.fna,64.08,3.88
TOBG_SAT-72.fna,52.91,1.94
TOBG_MED-1233.fna,80.11,9.09
TOBG_SP-130.fna,59.15,1.01
TOBG_EAC-707.fna,86.53,9.14
TOBG_EAC-703.fna,56.94,4.43
TOBG_MED-1047.fna,74.93,2.93
TOBG_EAC-708.fna,70.82,3.42
TOBG_NAT-77.fna,60.83,0.85
TOBG_RS-358.fna,64.17,0
TOBG_RS-359.fna,72,0.81
TOBG_RS-357.fna,89.94,3.85
TOBG_RS-353.fna,61.14,0.57
TOBG_SP-220.fna,56.62,1.47
TOBG_NAT-98.fna,63.64,0
TOBG_NAT-97.fna,51.42,1.28
TOBG_NAT-96.fna,80.93,4
TOBG_NAT-95.fna,52.42,0.43
TOBG_ARS-28.fna,81.25,1.2
TOBG_EAC-78.fna,83.15,4.9
TOBG_MED-696.fna,74.63,1.35
TOBG_MED-695.fna,90.12,0.6
TOBG_MED-693.fna,60.28,0.27
TOBG_MED-691.fna,55.17,0
TOBG_SP-150.fna,86.49,1.08
TOBG_EAC-2011.fna,77.34,2.97
TOBG_NAT-153.fna,62.08,1.08
TOBG_MED-1229.fna,52.26,1.06
TOBG_MED-1223.fna,71.73,0.8
TOBG_NP-933.fna,51.94,3.88
TOBG_RS-362.fna,55.63,0.19
TOBG_RS-365.fna,75.27,0
TOBG_SAT-1290.fna,50.86,4.7
TOBG_SP-217.fna,53.59,0
TOBG_NAT-85.fna,83.43,3.99
TOBG_SAT-2654.fna,54.37,0.27
TOBG_ARS-32.fna,59.4,0
TOBG_ARS-39.fna,54.56,0
TOBG_MED-844.fna,59.94,2.78
TOBG_MED-845.fna,65.78,4.17
TOBG_MED-842.fna,52.32,4.4
TOBG_SP-119.fna,96.67,4.46
TOBG_SP-46.fna,54.8,0
TOBG_SP-44.fna,57.3,1.69
TOBG_SP-40.fna,69.28,0
TOBG_EAC-62.fna,99.14,0
TOBG_MED-738.fna,76.53,0.84
TOBG_MED-734.fna,98.74,4.86
TOBG_MED-735.fna,97.79,8.82
TOBG_MED-736.fna,92.27,4.18
TOBG_MED-737.fna,68.93,0
TOBG_MED-731.fna,86.97,1.12
TOBG_SAT-214.fna,74.73,1.1
TOBG_EAC-669.fna,61.87,3.32
TOBG_SAT-101.fna,98.78,1.33
TOBG_NAT-184.fna,58.1,1.1
TOBG_SP-113.fna,97.51,3.53
TOBG_RS-376.fna,95.95,4.86
TOBG_RS-377.fna,69.59,0
TOBG_MED-1155.fna,84.7,7.4
TOBG_SP-3053.fna,65.17,2.03
TOBG_SP-3055.fna,89.48,7.86
TOBG_MED-854.fna,67.75,2.16
TOBG_MED-857.fna,72.48,2.67
TOBG_MED-856.fna,75.97,2.03
TOBG_RS-399.fna,53.06,0
TOBG_RS-393.fna,68.4,0.61
TOBG_SP-3980.fna,57.93,3.45
TOBG_NAT-214.fna,66.09,2.56
TOBG_NAT-213.fna,53.4,3.88
TOBG_SP-97.fna,98.81,8.99
TOBG_NAT-177.fna,62.65,0.85
TOBG_MED-726.fna,58.97,1.3
TOBG_MED-720.fna,53.69,0.57
TOBG_NAT-191.fna,59.48,0
TOBG_NP-131.fna,51.4,0
TOBG_MED-1017.fna,84.35,6.15
TOBG_SAT-2701.fna,53.45,0
TOBG_SP-278.fna,59.4,1.19
TOBG_SP-271.fna,61.73,0
TOBG_SP-270.fna,62.07,0
TOBG_RS-723.fna,64.14,4.01
TOBG_MED-588.fna,94.97,3.01
TOBG_SP-308.fna,53.68,0
TOBG_SAT-1508.fna,76.53,4.8
TOBG_MED-582.fna,87.8,3.62
TOBG_SAT-1476.fna,55.9,3.95
TOBG_EAC-99.fna,81.47,4.2
TOBG_MED-882.fna,71.29,2.97
TOBG_SAT-14.fna,76.4,1.18
TOBG_NAT-208.fna,54.88,2.17
TOBG_NAT-206.fna,82.18,7.66
TOBG_NAT-201.fna,80.64,6.46
TOBG_SP-84.fna,84.07,1.69
TOBG_MED-718.fna,75.62,0.38
TOBG_MED-712.fna,80.16,2.2
TOBG_MED-713.fna,84.55,1.48
TOBG_MED-710.fna,59.74,0
TOBG_SAT-159.fna,85.47,2.21
TOBG_NP-1374.fna,68.03,0
TOBG_ARS-1304.fna,56.47,4.49
TOBG_NAT-168.fna,79.13,0.97
TOBG_MED-733.fna,95.6,3.85
TOBG_NP-127.fna,97.68,2.25
TOBG_CPC-99.fna,52.49,0
TOBG_CPC-98.fna,94.5,0.33
TOBG_CPC-97.fna,93.28,4.84
TOBG_CPC-95.fna,99.63,6.69
TOBG_CPC-94.fna,52.41,1.88
TOBG_CPC-93.fna,60.43,1.96
TOBG_CPC-92.fna,54.17,1.45
TOBG_CPC-91.fna,51.57,1.28
TOBG_CPC-90.fna,68.38,0.43
TOBG_CPC-9.fna,95.83,1.7
TOBG_CPC-89.fna,53.24,0
TOBG_CPC-88.fna,64.51,0
TOBG_CPC-86.fna,98.86,9.3
TOBG_CPC-85.fna,88.98,1.7
TOBG_CPC-84.fna,72.11,0
TOBG_CPC-83.fna,56.99,1.14
TOBG_CPC-80.fna,91.46,4.18
TOBG_CPC-8.fna,99.25,0.14
TOBG_CPC-78.fna,65.83,0
TOBG_CPC-77.fna,55.21,1.9
TOBG_CPC-76.fna,54.79,0.05
TOBG_CPC-75.fna,76.67,1.65
TOBG_CPC-74.fna,72.3,1.17
TOBG_CPC-73.fna,84.2,0
TOBG_CPC-72.fna,97.01,2.67
TOBG_CPC-70.fna,99.24,0.19
TOBG_CPC-7.fna,97.95,1.95
TOBG_CPC-69.fna,99.08,1.03
TOBG_CPC-68.fna,68.62,0
TOBG_CPC-67.fna,92.84,0.46
TOBG_CPC-66.fna,58.56,0.34
TOBG_CPC-65.fna,62.73,0.61
TOBG_CPC-64.fna,91.95,0.55
TOBG_CPC-63.fna,56.9,0
TOBG_CPC-62.fna,79.78,0.81
TOBG_CPC-61.fna,80.16,2.33
TOBG_CPC-60.fna,69.55,0.81
TOBG_CPC-6.fna,93.67,2.38
TOBG_CPC-59.fna,85.16,3.17
TOBG_CPC-58.fna,85.66,2.8
TOBG_CPC-57.fna,50.89,0
TOBG_CPC-56.fna,63.34,0.44
TOBG_CPC-55.fna,67.47,1.72
TOBG_CPC-54.fna,77.72,1.75
TOBG_CPC-53.fna,85.74,0.84
TOBG_CPC-52.fna,91.09,3.17
TOBG_CPC-51.fna,97.85,3.23
TOBG_CPC-50.fna,80.73,4.08
TOBG_CPC-5.fna,100,2.25
TOBG_CPC-49.fna,97.56,7.83
TOBG_CPC-48.fna,96.98,7.89
TOBG_CPC-47.fna,76.62,1.69
TOBG_CPC-46.fna,89.12,3.27
TOBG_CPC-45.fna,96.38,2.6
TOBG_CPC-44.fna,50.67,0
TOBG_CPC-43.fna,99,0
TOBG_CPC-42.fna,96.96,5.29
TOBG_CPC-40.fna,99.25,2.92
TOBG_CPC-4.fna,63.32,0.98
TOBG_CPC-39.fna,76,1.81
TOBG_CPC-38.fna,99.02,8.04
TOBG_CPC-37.fna,52.59,0
TOBG_CPC-36.fna,63.97,0
TOBG_CPC-35.fna,62.67,1.68
TOBG_CPC-34.fna,82.58,3.09
TOBG_CPC-33.fna,82.19,1
TOBG_CPC-327.fna,78,3.71
TOBG_CPC-326.fna,63.38,3.2
TOBG_CPC-325.fna,66.29,3.8
TOBG_CPC-323.fna,79.89,2.37
TOBG_CPC-322.fna,74.53,4.55
TOBG_CPC-320.fna,88.23,5.08
TOBG_CPC-32.fna,91.27,0.14
TOBG_CPC-319.fna,80.48,6
TOBG_CPC-317.fna,58.66,2.21
TOBG_CPC-316.fna,90.26,6.43
TOBG_CPC-31.fna,90.81,1.11
TOBG_CPC-41.fna,98.92,1.61
TOBG_CPC-309.fna,81.05,7.86
TOBG_CPC-307.fna,51.65,3.09
TOBG_CPC-306.fna,63.86,3.61
TOBG_CPC-305.fna,82.11,5.39
TOBG_CPC-302.fna,69.35,3.47
TOBG_CPC-301.fna,61,2.3
TOBG_CPC-300.fna,78.86,2.04
TOBG_CPC-30.fna,80.96,0
TOBG_CPC-3.fna,93.18,2.27
TOBG_CPC-297.fna,83.31,5.11
TOBG_CPC-295.fna,62.83,2.1
TOBG_CPC-294.fna,81.03,6.9
TOBG_CPC-293.fna,67.78,2.87
TOBG_CPC-291.fna,62.65,2.49
TOBG_CPC-290.fna,68.69,4.3
TOBG_CPC-29.fna,75.6,1.02
TOBG_CPC-289.fna,90.06,5.95
TOBG_CPC-288.fna,91.18,9.81
TOBG_CPC-28.fna,95.97,2.14
TOBG_CPC-27.fna,87.1,4.32
TOBG_CPC-26.fna,66.12,1.14
TOBG_CPC-25.fna,96.22,1.14
TOBG_CPC-24.fna,79.49,1.12
TOBG_CPC-23.fna,88.68,1.73
TOBG_CPC-22.fna,66.2,1.94
TOBG_CPC-21.fna,100,1
TOBG_CPC-20.fna,82.65,4.98
TOBG_CPC-2.fna,98.7,0.73
TOBG_CPC-19.fna,99.04,0.61
TOBG_CPC-18.fna,51.72,0
TOBG_CPC-17.fna,97.44,0.54
TOBG_CPC-16.fna,71.9,0
TOBG_CPC-15.fna,67.71,0
TOBG_CPC-1469.fna,65.86,1.34
TOBG_CPC-1462.fna,61.67,2.48
TOBG_CPC-1447.fna,52.44,0.91
TOBG_CPC-1446.fna,67.87,0
TOBG_CPC-14.fna,98.9,0.09
TOBG_CPC-1399.fna,75.91,4.7
TOBG_CPC-1397.fna,57.4,3.65
TOBG_CPC-1382.fna,68.1,3.45
TOBG_CPC-1369.fna,57.1,1.14
TOBG_CPC-1365.fna,53.76,3.45
TOBG_CPC-1357.fna,51.01,4.21
TOBG_CPC-1337.fna,58.66,4.84
TOBG_CPC-1328.fna,51.51,1.91
TOBG_CPC-1326.fna,77.95,3.71
TOBG_CPC-13.fna,98.99,1.12
TOBG_CPC-1232.fna,83.64,6.69
TOBG_CPC-12.fna,98.44,3.01
TOBG_CPC-11.fna,94.98,2.42
TOBG_CPC-100.fna,56.57,1.9
TOBG_CPC-10.fna,55.14,0.06
TOBG_CPC-1.fna,86.8,2.75
TOBG_ARS-99.fna,50.47,0.93
TOBG_ARS-98.fna,50.17,0
TOBG_ARS-97.fna,50.86,1.72
TOBG_ARS-96.fna,61.73,0.55
TOBG_ARS-95.fna,80.22,4.4
TOBG_CPC-315.fna,51.62,4.14
TOBG_CPC-314.fna,63.79,3.45
TOBG_CPC-313.fna,52.54,2.7
TOBG_CPC-311.fna,64.65,2.99
TOBG_CPC-310.fna,74.77,3.15
TOBG_ARS-94.fna,50.37,1.68
TOBG_ARS-93.fna,98.94,1.91
TOBG_ARS-92.fna,55.76,1.2
TOBG_ARS-91.fna,66.4,1.6
TOBG_ARS-90.fna,88.17,4.3
TOBG_ARS-9.fna,63.79,1.72
TOBG_ARS-89.fna,66.76,1.71
TOBG_ARS-88.fna,66.06,0.84
TOBG_ARS-87.fna,53.87,1.43
TOBG_ARS-86.fna,92.47,0
TOBG_ARS-85.fna,52.02,0
TOBG_ARS-84.fna,73.14,0.22
TOBG_ARS-83.fna,65.52,0
TOBG_ARS-82.fna,66.89,1.14
TOBG_ARS-81.fna,86.82,4.95
TOBG_ARS-80.fna,63.33,1.66
TOBG_ARS-8.fna,62.87,1
TOBG_ARS-79.fna,69.42,0
TOBG_ARS-78.fna,50.13,0
TOBG_ARS-77.fna,70.87,1.31
TOBG_ARS-76.fna,89.19,1.35
TOBG_ARS-74.fna,74.3,0
TOBG_ARS-733.fna,51.57,4.39
TOBG_ARS-73.fna,72.43,0.93
TOBG_ARS-72.fna,54.75,0.93
TOBG_ARS-75.fna,97.41,7.37
TOBG_ARS-71.fna,93.47,1.37
TOBG_ARS-70.fna,91.09,0.5
TOBG_ARS-7.fna,97.75,2.72
TOBG_ARS-69.fna,55.49,1.1
TOBG_ARS-68.fna,88.71,1.08
TOBG_ARS-67.fna,89.56,2.4
TOBG_ARS-66.fna,85.68,4.52
TOBG_ARS-65.fna,80.68,0.57
TOBG_ARS-64.fna,66.43,0
TOBG_ARS-63.fna,89.08,3.41
TOBG_ARS-62.fna,82.04,2.29
TOBG_ARS-61.fna,83.27,2.35
TOBG_ARS-60.fna,82.8,1.6
TOBG_ARS-6.fna,63.1,0
TOBG_ARS-59.fna,94.86,4.35
TOBG_ARS-58.fna,65.82,1.44
TOBG_ARS-57.fna,58.8,1.12
TOBG_ARS-56.fna,55.18,0
TOBG_ARS-55.fna,54.09,1.98
TOBG_ARS-54.fna,69.16,0
TOBG_ARS-52.fna,71.78,0.42
TOBG_ARS-51.fna,98.81,7.14
TOBG_ARS-50.fna,61.77,0
TOBG_ARS-5.fna,88.73,2.37
TOBG_ARS-49.fna,72.66,0
TOBG_ARS-48.fna,63.79,0
TOBG_ARS-47.fna,58.4,0
TOBG_ARS-46.fna,82.32,4.27
TOBG_ARS-45.fna,78.52,0.89
TOBG_ARS-44.fna,53.44,0
TOBG_ARS-43.fna,64.8,0.8
TOBG_ARS-42.fna,90.6,2.56
TOBG_ARS-41.fna,58.79,1.98
TOBG_ARS-40.fna,97.79,0.68
TOBG_ARS-4.fna,94.96,3.36
TOBG_ARS-38.fna,98.28,6.9
TOBG_ARS-37.fna,60.75,1.64
TOBG_ARS-36.fna,68.06,1.94
TOBG_ARS-35.fna,60.19,0.84
TOBG_ARS-34.fna,88.12,2.97
TOBG_ARS-33.fna,84.35,1.32
TOBG_ARS-31.fna,85.24,4.13
TOBG_ARS-30.fna,81.99,1.35
TOBG_ARS-3.fna,97.95,3.32
TOBG_ARS-29.fna,95.73,7.32
TOBG_ARS-27.fna,86.43,3.84
TOBG_ARS-26.fna,50.79,0.93
TOBG_ARS-25.fna,50.86,1.72
TOBG_ARS-24.fna,89.41,4.98
TOBG_ARS-23.fna,57.32,0
TOBG_ARS-22.fna,68.71,1.7
TOBG_ARS-21.fna,52.8,0
TOBG_ARS-20.fna,61.36,0.86
TOBG_ARS-2.fna,62.8,1.06
TOBG_ARS-19.fna,68.36,0.39
TOBG_ARS-17.fna,95.73,6.25
TOBG_ARS-16.fna,94.61,3.14
TOBG_ARS-15.fna,97.85,2.69
TOBG_ARS-1441.fna,77.57,0
TOBG_ARS-1434.fna,75.31,0
TOBG_ARS-1427.fna,72.43,0
TOBG_ARS-1426.fna,90.6,1.28
TOBG_ARS-1420.fna,51.44,0
TOBG_ARS-1419.fna,72.04,0.93
TOBG_ARS-1414.fna,73.36,1.87
TOBG_ARS-1403.fna,65.42,0
TOBG_ARS-14.fna,73.14,1.79
TOBG_ARS-1394.fna,51.82,2.07
TOBG_ARS-1386.fna,72.31,1.12
TOBG_ARS-1360.fna,84.77,0
TOBG_ARS-1358.fna,89.72,1.87
TOBG_ARS-1334.fna,64.09,0.93
TOBG_ARS-1333.fna,55.09,2.3
TOBG_ARS-1330.fna,85.48,0.99
TOBG_ARS-1318.fna,53.66,2.8
TOBG_ARS-1310.fna,54.85,1.85
TOBG_ARS-1309.fna,59.5,2.8
TOBG_ARS-1307.fna,74.69,0.93
TOBG_ARS-1301.fna,65.42,0
TOBG_ARS-13.fna,97.32,4.46
TOBG_ARS-1298.fna,52.41,0
TOBG_ARS-1297.fna,71.61,0.87
TOBG_ARS-1290.fna,52.96,0
TOBG_ARS-1286.fna,67.76,0
TOBG_ARS-1285.fna,65.97,0.65
TOBG_ARS-1279.fna,79.43,3.24
TOBG_ARS-125.fna,74.24,2.25
TOBG_ARS-1246.fna,50.91,0
TOBG_ARS-124.fna,50.48,3.3
TOBG_ARS-123.fna,77.69,2.56
TOBG_ARS-1224.fna,53.72,0
TOBG_ARS-1215.fna,74.67,2.14
TOBG_ARS-121.fna,66.71,3.61
TOBG_ARS-1203.fna,74.3,0.93
TOBG_ARS-120.fna,89.55,8.73
TOBG_ARS-12.fna,55.28,1.72
TOBG_ARS-1199.fna,86.21,0
TOBG_ARS-1193.fna,61.52,1.38
TOBG_ARS-1183.fna,59.08,1.1
TOBG_ARS-1180.fna,65.81,1.87
TOBG_ARS-118.fna,50.4,3.2
TOBG_ARS-1178.fna,64.64,1.87
TOBG_ARS-1176.fna,78.5,1.87
TOBG_ARS-1172.fna,61.84,0
TOBG_ARS-117.fna,73.85,3.41
TOBG_ARS-1168.fna,75.41,0
TOBG_ARS-1160.fna,69.24,0.93
TOBG_ARS-116.fna,62.23,4.07
TOBG_ARS-115.fna,76.81,3.51
TOBG_ARS-1134.fna,73.14,0.8
TOBG_ARS-113.fna,50.86,2.05
TOBG_ARS-1126.fna,53.97,0
TOBG_ARS-112.fna,91.38,8.62
TOBG_ARS-11.fna,100,6.7
TOBG_ARS-109.fna,63.82,4.21
TOBG_ARS-108.fna,67.13,4.67
TOBG_ARS-106.fna,68.69,1.87
TOBG_ARS-105.fna,62.04,1.37
TOBG_ARS-1043.fna,62.41,3
TOBG_ARS-1041.fna,52.32,3.74
TOBG_ARS-104.fna,71.69,1.03
TOBG_ARS-1039.fna,68.64,2.85
TOBG_ARS-1037.fna,74.52,4.13
TOBG_ARS-1036.fna,93.52,5.71
TOBG_ARS-1035.fna,65.2,2.2
TOBG_ARS-1034.fna,90.29,5.21
TOBG_ARS-1033.fna,55.19,2.35
TOBG_ARS-1032.fna,91.84,6.52
TOBG_ARS-1030.fna,90.6,6.32
TOBG_ARS-103.fna,60.98,0.93
TOBG_ARS-1029.fna,50.52,2.2
TOBG_ARS-1028.fna,52.43,4.61
TOBG_ARS-1026.fna,57.43,3.61
TOBG_ARS-1025.fna,69.2,2.4
TOBG_ARS-1024.fna,51.82,3.28
TOBG_ARS-1023.fna,50.48,2.3
TOBG_ARS-1020.fna,55.1,2.59
TOBG_ARS-102.fna,84.03,0
TOBG_ARS-1019.fna,88.66,5.9
TOBG_ARS-1018.fna,76.79,3.27
TOBG_ARS-1016.fna,52.66,3.01
TOBG_ARS-1015.fna,64.25,3.84
TOBG_ARS-1013.fna,59.98,4.55
TOBG_ARS-1012.fna,91.25,6.81
TOBG_ARS-1011.fna,51.34,2.11
TOBG_ARS-101.fna,65.6,1.74
TOBG_ARS-1009.fna,80.9,9.11
TOBG_ARS-1008.fna,57.59,2.36
TOBG_ARS-1007.fna,69.59,2.43
TOBG_ARS-1005.fna,54.3,4.8
TOBG_ARS-1004.fna,72.61,3.89
TOBG_ARS-100.fna,72.06,1.78
TOBG_ARS-10.fna,52.96,0
TOBG_ARS-1.fna,97.19,9.64
TOBG_MED-755.fna,65.48,0.43
TOBG_MED-754.fna,72.59,1.91
TOBG_MED-753.fna,76.94,1.14
TOBG_MED-752.fna,94.79,2.97
TOBG_MED-745.fna,80.24,1.68
TOBG_MED-743.fna,82.93,4
TOBG_MED-740.fna,78.96,1.94
TOBG_MED-739.fna,95.77,5.41
TOBG_MED-732.fna,80.34,4.61
TOBG_MED-730.fna,90.94,3.18
TOBG_MED-728.fna,98.1,1.27
TOBG_MED-727.fna,61.45,1.2
TOBG_MED-725.fna,72.19,0
TOBG_MED-724.fna,54.39,0
TOBG_MED-742.fna,50.38,1.81
TOBG_MED-723.fna,51.66,0
TOBG_MED-722.fna,53.8,0
TOBG_MED-721.fna,77.47,1.1
TOBG_MED-719.fna,86.49,2.27
TOBG_MED-620.fna,91.09,1.75
TOBG_MED-717.fna,86.02,4.35
TOBG_MED-716.fna,95.85,0.5
TOBG_MED-715.fna,94.51,1.1
TOBG_MED-714.fna,63.74,1.1
TOBG_MED-711.fna,65.2,0.68
TOBG_MED-709.fna,54.2,0.31
TOBG_MED-708.fna,94.32,4.08
TOBG_MED-707.fna,75.2,0
TOBG_MED-705.fna,74.53,0
TOBG_MED-704.fna,88.97,0
TOBG_MED-703.fna,90.91,3.41
TOBG_MED-702.fna,93.99,2.87
TOBG_MED-701.fna,54.94,0.74
TOBG_MED-700.fna,59.28,0
TOBG_MED-699.fna,54.67,1.6
TOBG_MED-698.fna,89.88,2.53
TOBG_MED-697.fna,88.6,4.71
TOBG_MED-694.fna,83.61,0.84
TOBG_MED-692.fna,92.2,1.08
TOBG_MED-690.fna,90.51,1.88
TOBG_MED-689.fna,84.62,3.3
TOBG_MED-688.fna,58.58,1.97
TOBG_MED-687.fna,65.68,1.99
TOBG_MED-686.fna,53.27,1.8
TOBG_MED-685.fna,59.8,0.57
TOBG_MED-683.fna,63.34,0
TOBG_MED-682.fna,83.15,3.7
TOBG_MED-681.fna,61.52,0
TOBG_MED-680.fna,50.67,0.93
TOBG_MED-678.fna,56.74,0.8
TOBG_MED-675.fna,64.08,1.41
TOBG_MED-674.fna,89.97,3.5
TOBG_MED-672.fna,81.24,4.84
TOBG_MED-670.fna,70.57,1.69
TOBG_MED-669.fna,55.94,1.3
TOBG_MED-668.fna,92.78,1.68
TOBG_MED-667.fna,78.11,1.12
TOBG_MED-665.fna,96.09,2.46
TOBG_MED-664.fna,59.13,0.44
TOBG_MED-663.fna,54.31,0.86
TOBG_MED-662.fna,60.68,0.91
TOBG_MED-661.fna,97.58,2.35
TOBG_MED-660.fna,90.65,1.94
TOBG_MED-657.fna,97.8,1.28
TOBG_MED-656.fna,65.68,1.52
TOBG_MED-653.fna,93.94,0.42
TOBG_MED-652.fna,98.9,5.49
TOBG_MED-650.fna,80.15,4.57
TOBG_MED-649.fna,92.95,4.55
TOBG_MED-648.fna,87.91,1.1
TOBG_MED-647.fna,69.78,0
TOBG_MED-646.fna,60,1.89
TOBG_MED-644.fna,58.17,1.87
TOBG_MED-642.fna,53.19,1.61
TOBG_MED-641.fna,88.45,1.68
TOBG_MED-640.fna,50.66,0.81
TOBG_MED-639.fna,56.43,1.1
TOBG_MED-638.fna,58.06,1.61
TOBG_MED-636.fna,82.04,4.76
TOBG_MED-635.fna,75.74,0.68
TOBG_MED-634.fna,53.58,1.76
TOBG_MED-633.fna,98.42,0.88
TOBG_MED-631.fna,66.03,0.85
TOBG_MED-630.fna,83.56,2.19
TOBG_MED-628.fna,50.85,0.85
TOBG_MED-626.fna,80.2,2.1
TOBG_MED-625.fna,62.67,2
TOBG_MED-624.fna,99.45,5.03
TOBG_MED-621.fna,91.4,2.47
TOBG_MED-618.fna,57.79,1.75
TOBG_MED-617.fna,94.51,4.52
TOBG_MED-616.fna,85.78,3.27
TOBG_MED-615.fna,76.71,1.12
TOBG_MED-612.fna,58.09,1.32
TOBG_MED-611.fna,79.3,1.33
TOBG_MED-610.fna,87.34,2.55
TOBG_MED-608.fna,81.76,2.84
TOBG_MED-607.fna,66.99,1.91
TOBG_MED-606.fna,70.2,0
TOBG_MED-605.fna,91.57,3.61
TOBG_MED-604.fna,90.64,3.35
TOBG_MED-603.fna,84.85,2.24
TOBG_MED-602.fna,96.43,2.38
TOBG_MED-599.fna,94.44,4.4
TOBG_MED-595.fna,85.39,1.74
TOBG_MED-592.fna,88.76,2.72
TOBG_MED-589.fna,95.6,3.85
TOBG_MED-587.fna,99.13,0
TOBG_MED-586.fna,74.31,0
TOBG_MED-585.fna,85.02,3.41
TOBG_MED-584.fna,72.96,1.11
TOBG_MED-583.fna,60.82,1.08
TOBG_MED-581.fna,75.83,1.37
TOBG_MED-580.fna,80.92,4.01
TOBG_MED-569.fna,54.7,4.35
TOBG_MED-798.fna,66.09,4.51
TOBG_MED-215.fna,50.09,4.01
TOBG_MED-211.fna,52,3.2
TOBG_MED-203.fna,57.3,4.31
TOBG_MED-195.fna,56.63,2.31
TOBG_MED-191.fna,51.04,3.19
TOBG_MED-139.fna,52.4,1.09
TOBG_MED-613.fna,70,1.67
TOBG_MED-1261.fna,78.93,4.06
TOBG_MED-1257.fna,69.45,3.73
TOBG_MED-1250.fna,50.57,3.07
TOBG_MED-124.fna,51.66,3.84
TOBG_MED-1227.fna,83.27,6.81
TOBG_MED-1222.fna,55.36,0.37
TOBG_MED-1190.fna,89.75,8.28
TOBG_MED-1178.fna,50.48,4.3
TOBG_MED-1153.fna,84.9,6.02
TOBG_MED-1131.fna,55.51,2.83
TOBG_MED-1116.fna,86.9,1.19
TOBG_MED-1094.fna,86.81,6.09
TOBG_MED-1093.fna,84.93,7.47
TOBG_MED-1079.fna,65.87,2.91
TOBG_MED-105.fna,61.36,1.59
TOBG_MED-1046.fna,52.62,0
TOBG_MED-104.fna,70.41,2.91
TOBG_MED-1036.fna,57.89,3.51
TOBG_MED-1008.fna,80.17,9.56
TOBG_MED-1003.fna,58.31,4.82
TOBG_MED-1001.fna,81.58,5.19
TOBG_IN-961.fna,72.4,0.8
TOBG_IN-930.fna,53.37,2.4
TOBG_IN-929.fna,73.78,4.83
TOBG_IN-928.fna,87.08,6.38
TOBG_IN-926.fna,61.08,4.44
TOBG_IN-924.fna,92.31,8.12
TOBG_IN-922.fna,71.21,2.5
TOBG_IN-921.fna,85.61,6.08
TOBG_IN-919.fna,73.08,4.13
TOBG_IN-918.fna,72,4.8
TOBG_IN-913.fna,64.8,4.06
TOBG_IN-912.fna,73.45,3.44
TOBG_IN-9.fna,87.23,1.52
TOBG_IN-8.fna,97.25,3.9
TOBG_IN-6.fna,99.54,7.76
TOBG_IN-5.fna,100,5.14
TOBG_IN-49.fna,57.62,0
TOBG_IN-48.fna,94.59,4.39
TOBG_IN-47.fna,82.56,3.17
TOBG_IN-46.fna,63.25,1.6
TOBG_IN-45.fna,66.57,0.65
TOBG_IN-44.fna,68.62,1.3
TOBG_IN-43.fna,86.86,2.07
TOBG_IN-42.fna,87.12,0
TOBG_IN-41.fna,55.6,1.48
TOBG_IN-40.fna,81.22,0.51
TOBG_IN-4.fna,62.71,1.46
TOBG_IN-39.fna,59.82,1.56
TOBG_IN-38.fna,58.89,0.71
TOBG_IN-37.fna,71.64,0.93
TOBG_IN-36.fna,68.47,0.86
TOBG_IN-35.fna,84.13,2.8
TOBG_IN-34.fna,56.14,1.33
TOBG_IN-33.fna,63.87,0.8
TOBG_IN-32.fna,85.42,3.99
TOBG_IN-31.fna,51.81,0
TOBG_IN-30.fna,53.49,1.05
TOBG_IN-3.fna,99.21,0.41
TOBG_IN-29.fna,93.93,0.69
TOBG_IN-28.fna,98.28,2.82
TOBG_IN-27.fna,71.5,0.27
TOBG_IN-26.fna,63.45,1.74
TOBG_IN-25.fna,95.71,2.15
TOBG_IN-24.fna,50.64,1.65
TOBG_IN-23.fna,83.4,2.74
TOBG_IN-22.fna,98.7,3.08
TOBG_IN-21.fna,98.7,0.43
TOBG_IN-20.fna,96.7,7.75
TOBG_IN-2.fna,84.01,1.54
TOBG_IN-19.fna,98.01,3.48
TOBG_IN-18.fna,100,8.46
TOBG_IN-17.fna,97.58,0
TOBG_IN-16.fna,81.74,3.3
TOBG_IN-15.fna,81.91,3.04
TOBG_IN-14.fna,98.27,6.32
TOBG_IN-1311.fna,80.34,9.4
TOBG_IN-13.fna,100,2.82
TOBG_IN-1222.fna,69.73,2.4
TOBG_IN-1219.fna,67.73,0
TOBG_IN-1214.fna,67.52,1.28
TOBG_IN-1213.fna,82.83,1.28
TOBG_IN-12.fna,91.79,0.49
TOBG_IN-11.fna,99.51,4.51
TOBG_IN-1093.fna,58.62,2.3
TOBG_IN-1073.fna,64.11,1.72
TOBG_IN-1003.fna,55.14,2.59
TOBG_IN-1000.fna,53.76,0.05
TOBG_IN-10.fna,99.61,0
TOBG_IN-1.fna,83.1,1.83
TOBG_EAC-98.fna,95.76,4.42
TOBG_EAC-97.fna,80.45,2.65
TOBG_EAC-96.fna,69.65,0
TOBG_EAC-95.fna,99.5,2.75
TOBG_EAC-94.fna,99.78,0.43
TOBG_EAC-93.fna,95.62,1.67
TOBG_EAC-92.fna,99.24,3.76
TOBG_EAC-91.fna,95.54,1.74
TOBG_EAC-90.fna,63.58,0.75
TOBG_EAC-9.fna,89.74,2.99
TOBG_EAC-89.fna,53.07,1.2
TOBG_EAC-88.fna,90.6,4.27
TOBG_EAC-87.fna,85.46,1.24
TOBG_EAC-86.fna,81.39,1.05
TOBG_EAC-85.fna,93.92,1.88
TOBG_EAC-84.fna,60.76,0
TOBG_EAC-82.fna,63.28,1.72
TOBG_EAC-81.fna,81.42,4.44
TOBG_EAC-8.fna,51.35,0.93
TOBG_EAC-79.fna,50.59,0.07
TOBG_EAC-77.fna,100,0
TOBG_EAC-76.fna,99.68,0.72
TOBG_EAC-75.fna,88.02,4.6
TOBG_EAC-74.fna,100,0
TOBG_EAC-73.fna,94.52,1.53
TOBG_EAC-723.fna,84.62,6.59
TOBG_EAC-721.fna,50.08,4.98
TOBG_EAC-720.fna,57.88,3.2
TOBG_EAC-72.fna,62.93,0
TOBG_EAC-714.fna,79.87,3.43
TOBG_EAC-713.fna,82.64,6.84
TOBG_EAC-712.fna,69.13,4.48
TOBG_EAC-710.fna,76.8,2.4
TOBG_EAC-71.fna,93.69,3.94
TOBG_EAC-709.fna,69.43,3.29
TOBG_EAC-705.fna,59.84,2.2
TOBG_EAC-704.fna,57.12,3.5
TOBG_EAC-70.fna,64.32,0
TOBG_EAC-7.fna,62.44,1.23
TOBG_EAC-695.fna,89.26,9.87
TOBG_EAC-694.fna,65.36,3.31
TOBG_EAC-693.fna,64.03,2.48
TOBG_EAC-692.fna,60.99,4.99
TOBG_EAC-691.fna,73.3,4.37
TOBG_EAC-69.fna,95.69,0.82
TOBG_EAC-685.fna,52.46,2.2
TOBG_EAC-683.fna,85.98,7.62
TOBG_EAC-682.fna,84.07,9.89
TOBG_EAC-68.fna,88.51,4.03
TOBG_EAC-678.fna,60.82,3.56
TOBG_EAC-676.fna,80.11,8.06
TOBG_EAC-675.fna,62.74,4.84
TOBG_EAC-674.fna,74.21,3.85
TOBG_EAC-673.fna,92.91,9.54
TOBG_EAC-671.fna,66.79,3.05
TOBG_EAC-670.fna,79.97,2.25
TOBG_EAC-67.fna,51.38,1.72
TOBG_EAC-663.fna,53.48,2.69
TOBG_EAC-662.fna,93.24,5.47
TOBG_EAC-660.fna,58.53,2.4
TOBG_EAC-66.fna,98.73,3.85
TOBG_EAC-659.fna,51.98,4.82
TOBG_EAC-657.fna,84.87,5.84
TOBG_EAC-656.fna,60.35,4.14
TOBG_EAC-654.fna,89.5,7.14
TOBG_EAC-653.fna,74.4,2.14
TOBG_EAC-652.fna,55.42,2.94
TOBG_EAC-651.fna,68.97,4.89
TOBG_EAC-650.fna,91.4,5.58
TOBG_EAC-65.fna,82.91,3.42
TOBG_EAC-649.fna,77.29,2.81
TOBG_EAC-647.fna,89.15,5.01
TOBG_EAC-646.fna,90.65,9.18
TOBG_EAC-645.fna,94.75,7.61
TOBG_EAC-642.fna,71.73,2.06
TOBG_EAC-641.fna,58.47,2.49
TOBG_EAC-640.fna,62.83,4.95
TOBG_EAC-64.fna,70.12,1.17
TOBG_EAC-638.fna,57.05,3.45
TOBG_EAC-637.fna,65.13,4.39
TOBG_EAC-636.fna,52.37,3.27
TOBG_EAC-635.fna,87.85,8.34
TOBG_EAC-634.fna,92.35,8.82
TOBG_EAC-632.fna,92.01,8.62
TOBG_EAC-631.fna,90.76,5.51
TOBG_EAC-630.fna,59.91,4.3
TOBG_EAC-63.fna,98.42,3.61
TOBG_EAC-624.fna,91.21,7.69
TOBG_EAC-623.fna,87.93,7.29
TOBG_EAC-627.fna,90.67,9.02
TOBG_EAC-615.fna,63.12,1.62
TOBG_EAC-61.fna,58.62,0
TOBG_EAC-60.fna,90.22,0.65
TOBG_EAC-6.fna,90.26,2.79
TOBG_EAC-59.fna,71.68,1.71
TOBG_EAC-58.fna,96.79,0.99
TOBG_EAC-57.fna,52.93,0
TOBG_EAC-56.fna,91.5,1.08
TOBG_EAC-55.fna,99.92,0.56
TOBG_EAC-54.fna,70.88,0.87
TOBG_EAC-53.fna,56.04,1.08
TOBG_EAC-52.fna,99.42,0.28
TOBG_EAC-51.fna,80.51,1.16
TOBG_EAC-50.fna,97.81,1.35
TOBG_EAC-5.fna,100,0
TOBG_EAC-49.fna,99.76,0
TOBG_EAC-48.fna,77.15,1.92
TOBG_EAC-47.fna,96.81,5.99
TOBG_EAC-46.fna,86.06,4.31
TOBG_EAC-45.fna,99.59,2.85
TOBG_EAC-44.fna,70.69,1.72
TOBG_EAC-43.fna,89.77,3.98
TOBG_EAC-41.fna,90.33,0.93
TOBG_EAC-40.fna,69.16,1.07
TOBG_EAC-4.fna,84.72,4.67
TOBG_EAC-38.fna,73.39,1.08
TOBG_EAC-37.fna,92.15,1.89
TOBG_EAC-36.fna,86.66,0.53
TOBG_EAC-35.fna,89.32,4.99
TOBG_EAC-34.fna,86.8,0
TOBG_EAC-33.fna,90.93,4.57
TOBG_EAC-32.fna,94.18,2.69
TOBG_EAC-31.fna,77.49,1.65
TOBG_EAC-30.fna,77.33,0.8
TOBG_EAC-3.fna,96.2,6.97
TOBG_EAC-29.fna,86.45,3.73
TOBG_EAC-28.fna,51.6,0.52
TOBG_EAC-26.fna,57.85,0.66
TOBG_EAC-25.fna,62.31,1.65
TOBG_EAC-23.fna,69.53,1.68
TOBG_EAC-22.fna,67.47,1.6
TOBG_EAC-2107.fna,58.01,4.13
TOBG_EAC-21.fna,100,3.32
TOBG_EAC-2094.fna,64.1,3.3
TOBG_EAC-2092.fna,56.53,2.97
TOBG_EAC-2090.fna,61.85,3.56
TOBG_EAC-2087.fna,62.82,0.8
TOBG_EAC-2074.fna,62.64,3.85
TOBG_EAC-2047.fna,51.02,0
TOBG_EAC-2037.fna,72.48,1.71
TOBG_EAC-2021.fna,86.93,4.07
TOBG_EAC-2006.fna,73.85,2.88
TOBG_EAC-2003.fna,53.85,2.21
TOBG_EAC-20.fna,100,1.54
TOBG_EAC-2.fna,80.38,3.88
TOBG_EAC-1995.fna,52.25,3.4
TOBG_EAC-1972.fna,58.5,1.36
TOBG_EAC-1938.fna,62.2,3.26
TOBG_EAC-1924.fna,57.58,2.45
TOBG_EAC-19.fna,55.49,1.1
TOBG_EAC-18.fna,50.42,1.51
TOBG_EAC-1786.fna,51.58,0.36
TOBG_EAC-1785.fna,88.46,7.14
TOBG_EAC-1768.fna,72.67,4
TOBG_EAC-17.fna,94.82,2.74
TOBG_EAC-16.fna,89.19,3.94
TOBG_EAC-15.fna,50.75,0.4
TOBG_EAC-14.fna,53.13,1.76
TOBG_EAC-13.fna,91.4,1.27
TOBG_EAC-123.fna,51.09,1.52
TOBG_EAC-122.fna,53.2,1.16
TOBG_EAC-121.fna,53.84,1.22
TOBG_EAC-120.fna,56.89,1.25
TOBG_EAC-12.fna,53.32,0.27
TOBG_EAC-118.fna,54.15,0.78
TOBG_EAC-117.fna,82.42,4.95
TOBG_EAC-116.fna,65.22,1.93
TOBG_EAC-115.fna,57.73,0.8
TOBG_EAC-114.fna,58.2,0.6
TOBG_EAC-113.fna,74.86,0.75
TOBG_EAC-112.fna,64.9,1.89
TOBG_EAC-110.fna,51.34,1.51
TOBG_EAC-11.fna,94.51,1.06
TOBG_EAC-109.fna,96.81,0.74
TOBG_EAC-108.fna,98.17,0.7
TOBG_EAC-107.fna,80.13,2.67
TOBG_EAC-106.fna,62.13,0.32
TOBG_EAC-105.fna,51.52,0.85
TOBG_EAC-104.fna,50.96,1
TOBG_EAC-103.fna,85.41,1.18
TOBG_EAC-102.fna,77.59,0.09
TOBG_EAC-101.fna,68.34,0
TOBG_EAC-100.fna,68.27,1.6
TOBG_EAC-10.fna,91.88,4.51
TOBG_EAC-1.fna,85.64,1.18
TOBG_NAT-99.fna,62.28,1.88
TOBG_NAT-94.fna,98.89,7.58
TOBG_NAT-93.fna,60.25,1.49
TOBG_NAT-92.fna,94.3,1.67
TOBG_NAT-192.fna,65.1,1.64
TOBG_NAT-91.fna,95.21,8.23
TOBG_NAT-90.fna,75.78,1.73
TOBG_NAT-9.fna,81.39,2.42
TOBG_NAT-89.fna,93.41,1.19
TOBG_NAT-88.fna,93.17,0
TOBG_NAT-87.fna,63.79,1.72
TOBG_NAT-86.fna,54.33,1.6
TOBG_NAT-84.fna,85.84,3.3
TOBG_NAT-83.fna,50.25,1.2
TOBG_NAT-82.fna,98.33,3.65
TOBG_NAT-81.fna,88.85,3.4
TOBG_NAT-80.fna,53.82,0.66
TOBG_NAT-8.fna,96.02,6.26
TOBG_NAT-79.fna,95.44,4.76
TOBG_NAT-78.fna,52.27,0.8
TOBG_NAT-76.fna,57.83,1.81
TOBG_NAT-75.fna,98.51,4.31
TOBG_NAT-74.fna,84.62,0
TOBG_NAT-73.fna,59.4,0
TOBG_NAT-72.fna,86.84,2.54
TOBG_NAT-71.fna,96.15,6.69
TOBG_NAT-70.fna,87.5,2.31
TOBG_NAT-7.fna,99.02,9.24
TOBG_NAT-69.fna,97.58,0
TOBG_NAT-686.fna,79.78,4.68
TOBG_NAT-682.fna,68.65,1.67
TOBG_NAT-68.fna,82.53,3.2
TOBG_NAT-67.fna,97.21,8.25
TOBG_NAT-661.fna,57.69,3.7
TOBG_NAT-66.fna,91.52,2.61
TOBG_NAT-653.fna,63.43,5
TOBG_NAT-65.fna,64.85,0.99
TOBG_NAT-64.fna,96.1,2.24
TOBG_NAT-634.fna,64.52,2.21
TOBG_NAT-630.fna,55.88,4.09
TOBG_NAT-63.fna,65.96,1.64
TOBG_NAT-62.fna,86.81,1.1
TOBG_NAT-61.fna,97.58,7.92
TOBG_NAT-608.fna,64.94,0
TOBG_NAT-60.fna,80.59,3.93
TOBG_NAT-6.fna,97.54,8.47
TOBG_NAT-59.fna,60.36,1.1
TOBG_NAT-579.fna,58.5,0
TOBG_NAT-575.fna,78.57,0.2
TOBG_NAT-57.fna,50.61,1.87
TOBG_NAT-56.fna,58.39,1.6
TOBG_NAT-55.fna,82.89,3.23
TOBG_NAT-549.fna,52.56,2.21
TOBG_NAT-545.fna,59.64,1.72
TOBG_NAT-54.fna,74.27,0
TOBG_NAT-535.fna,79.14,0.85
TOBG_NAT-53.fna,84.45,1.68
TOBG_NAT-52.fna,89.21,1.1
TOBG_NAT-510.fna,81.3,2.24
TOBG_NAT-51.fna,59.57,0
TOBG_NAT-509.fna,85.78,5.76
TOBG_NAT-504.fna,57.04,0
TOBG_NAT-503.fna,57.92,2.07
TOBG_NAT-501.fna,70.69,3.45
TOBG_NAT-50.fna,58.36,1.6
TOBG_NAT-495.fna,54.15,1.1
TOBG_NAT-493.fna,69.78,0.1
TOBG_NAT-49.fna,54.82,1.24
TOBG_NAT-484.fna,61.74,0
TOBG_NAT-483.fna,51.34,3.03
TOBG_NAT-48.fna,53.63,1.27
TOBG_NAT-478.fna,62.84,0.72
TOBG_NAT-472.fna,65.15,3.3
TOBG_NAT-453.fna,71.29,2.2
TOBG_NAT-45.fna,92,1.61
TOBG_NAT-441.fna,71.05,4.27
TOBG_NAT-44.fna,62.35,1.65
TOBG_NAT-430.fna,76.47,4.67
TOBG_NAT-43.fna,78.83,1.69
TOBG_NAT-422.fna,89.01,2.2
TOBG_NAT-417.fna,88.45,3.96
TOBG_NAT-41.fna,96.69,9.56
TOBG_NAT-40.fna,91.98,3.94
TOBG_NAT-4.fna,98.15,2.78
TOBG_NAT-392.fna,60.22,1.08
TOBG_NAT-39.fna,81.62,4.38
TOBG_NAT-38.fna,61.54,1.1
TOBG_NAT-375.fna,50.24,1.91
TOBG_NAT-37.fna,65.01,0.8
TOBG_NAT-36.fna,58.45,1.26
TOBG_NAT-353.fna,66.52,4.17
TOBG_NAT-35.fna,55.82,1.6
TOBG_NAT-333.fna,50.9,3.01
TOBG_NAT-33.fna,97.6,0.43
TOBG_NAT-31.fna,69.02,0.16
TOBG_NAT-302.fna,60.35,3.73
TOBG_NAT-30.fna,97.41,1.08
TOBG_NAT-3.fna,97.57,6.26
TOBG_NAT-292.fna,60.68,2.56
TOBG_NAT-291.fna,96.12,1.65
TOBG_NAT-290.fna,97.27,0.61
TOBG_NAT-29.fna,52.81,1.98
TOBG_NAT-288.fna,76.53,0
TOBG_NAT-284.fna,93.59,7.26
TOBG_NAT-283.fna,55.68,4.17
TOBG_NAT-282.fna,80.96,5.84
TOBG_NAT-281.fna,69.47,4
TOBG_NAT-280.fna,76.6,4.4
TOBG_NAT-28.fna,99.13,0.43
TOBG_NAT-279.fna,53.57,3.12
TOBG_NAT-278.fna,70.44,2.64
TOBG_NAT-277.fna,58.33,2.9
TOBG_NAT-276.fna,91.78,8.43
TOBG_NAT-275.fna,58.8,2.4
TOBG_NAT-274.fna,61.04,2.2
TOBG_NAT-273.fna,54.56,3.51
TOBG_NAT-272.fna,83.82,9.01
TOBG_NAT-271.fna,77.72,4.23
TOBG_NAT-270.fna,66.65,3.28
TOBG_NAT-269.fna,71.2,3.83
TOBG_NAT-268.fna,61.31,2.2
TOBG_NAT-267.fna,53.86,3.85
TOBG_NAT-266.fna,53.77,4.53
TOBG_NAT-265.fna,52.39,3.07
TOBG_NAT-264.fna,63.79,4.47
TOBG_NAT-263.fna,58.08,2.13
TOBG_NAT-262.fna,53.5,2.44
TOBG_NAT-261.fna,63.79,3.98
TOBG_NAT-260.fna,64.69,3.2
TOBG_NAT-26.fna,72.51,0
TOBG_NAT-259.fna,79.18,2.04
TOBG_NAT-258.fna,88.51,8.33
TOBG_NAT-256.fna,51.48,2.4
TOBG_NAT-255.fna,90.6,7.45
TOBG_NAT-254.fna,67.55,2.21
TOBG_NAT-253.fna,87.72,7.12
TOBG_NAT-252.fna,77.43,3.68
TOBG_NAT-251.fna,51.03,2.2
TOBG_NAT-250.fna,52.99,2.28
TOBG_NAT-25.fna,55.66,1.61
TOBG_NAT-249.fna,72.12,2.04
TOBG_NAT-248.fna,85.66,6.25
TOBG_NAT-247.fna,61.84,2.91
TOBG_NAT-246.fna,51.71,4.08
TOBG_NAT-245.fna,72.81,2.06
TOBG_NAT-243.fna,53.35,2.47
TOBG_NAT-242.fna,74.32,2.03
TOBG_NAT-241.fna,84.41,7.69
TOBG_NAT-240.fna,50.63,2.04
TOBG_NAT-24.fna,72.33,0.52
TOBG_NAT-239.fna,78.3,2.14
TOBG_NAT-238.fna,82.87,7.6
TOBG_NAT-237.fna,85.65,8.45
TOBG_NAT-235.fna,68.39,3.4
TOBG_NAT-234.fna,65.69,4
TOBG_NAT-233.fna,57.71,3.21
TOBG_SP-96.fna,82.74,4.2
TOBG_NAT-232.fna,70.65,2.87
TOBG_NAT-231.fna,78.11,2.92
TOBG_NAT-230.fna,57.07,2.43
TOBG_NAT-203.fna,88.46,8.79
TOBG_NAT-23.fna,100,7.26
TOBG_NAT-229.fna,68.93,3.66
TOBG_NAT-15.fna,95.25,3.05
TOBG_NAT-149.fna,98.86,6.25
TOBG_NAT-148.fna,54.48,1.72
TOBG_NAT-147.fna,57.01,2
TOBG_NAT-146.fna,82.62,3.91
TOBG_NAT-145.fna,95.95,1.01
TOBG_NAT-144.fna,60.34,0
TOBG_NAT-143.fna,86.89,4.27
TOBG_NAT-142.fna,70.01,1.85
TOBG_NAT-141.fna,87.83,1.45
TOBG_NAT-140.fna,69.88,1.6
TOBG_NAT-14.fna,89.32,2.3
TOBG_NAT-138.fna,89.74,0.97
TOBG_NAT-137.fna,90.43,1.49
TOBG_NAT-135.fna,67.33,0.49
TOBG_NAT-134.fna,100,0.56
TOBG_NAT-133.fna,91.09,2.56
TOBG_NAT-132.fna,70.92,0
TOBG_NAT-131.fna,95.16,4.44
TOBG_NAT-130.fna,97.7,5.17
TOBG_NAT-13.fna,82.48,1.28
TOBG_NAT-128.fna,54.12,0
TOBG_NAT-127.fna,91.89,2.78
TOBG_NAT-126.fna,58.82,1.34
TOBG_NAT-125.fna,77.45,1.94
TOBG_NAT-124.fna,99.09,6.55
TOBG_NAT-123.fna,96.97,7.58
TOBG_NAT-122.fna,63.3,1.09
TOBG_NAT-121.fna,98.36,3.33
TOBG_NAT-120.fna,52.53,0
TOBG_NAT-12.fna,86.21,4.08
TOBG_NAT-119.fna,72.77,0
TOBG_NAT-118.fna,87.29,4.95
TOBG_NAT-117.fna,92.73,0.91
TOBG_NAT-116.fna,97.39,3.01
TOBG_NAT-114.fna,51.37,0.4
TOBG_NAT-113.fna,84.47,4.84
TOBG_NAT-111.fna,88.45,0.49
TOBG_NAT-110.fna,60.17,0.38
TOBG_NAT-11.fna,78.93,0.93
TOBG_NAT-108.fna,84.05,4.7
TOBG_NAT-107.fna,66.32,1.2
TOBG_NAT-106.fna,62.86,0.93
TOBG_NAT-105.fna,62.11,1.14
TOBG_NAT-104.fna,64.26,0.57
TOBG_NAT-103.fna,51.18,1.72
TOBG_NAT-102.fna,83.8,3.12
TOBG_NAT-101.fna,76.91,1.73
TOBG_NAT-100.fna,92.35,3.7
TOBG_NAT-10.fna,96.27,4.59
TOBG_NAT-1.fna,83.45,4.15
TOBG_MED-999.fna,67.03,1.1
TOBG_MED-995.fna,70.34,3.39
TOBG_MED-965.fna,88.95,6.45
TOBG_MED-961.fna,56.7,3.23
TOBG_NAT-173.fna,96.77,1.75
TOBG_NAT-172.fna,86.77,3.08
TOBG_NAT-171.fna,71.51,1.28
TOBG_NAT-170.fna,99.57,5
TOBG_NAT-17.fna,96.55,8.62
TOBG_NAT-169.fna,96.95,5.74
TOBG_NAT-167.fna,98.39,8.58
TOBG_NAT-166.fna,98.28,7.03
TOBG_NAT-165.fna,97.85,4.84
TOBG_NAT-164.fna,60.45,0.99
TOBG_NAT-163.fna,86.86,2.57
TOBG_NAT-162.fna,65.95,0.91
TOBG_NAT-161.fna,97.3,1.47
TOBG_NAT-160.fna,63.02,0.77
TOBG_NAT-16.fna,97.61,1.67
TOBG_NAT-159.fna,50.86,1.72
TOBG_NAT-158.fna,99.94,0.43
TOBG_NAT-157.fna,98.33,1.64
TOBG_NAT-156.fna,50.87,1.48
TOBG_NAT-155.fna,76.66,1.18
TOBG_NAT-154.fna,82.4,4.8
TOBG_NAT-152.fna,63.81,0
TOBG_NAT-151.fna,56.47,1.69
TOBG_NAT-150.fna,63.64,1.6
TOBG_MED-957.fna,52.4,1.47
TOBG_MED-955.fna,87.91,7.79
TOBG_MED-952.fna,54.16,1.94
TOBG_MED-947.fna,53.54,0.09
TOBG_MED-943.fna,63.79,4.31
TOBG_MED-928.fna,85.88,8.7
TOBG_MED-921.fna,83.73,8.93
TOBG_MED-899.fna,81.87,4.8
TOBG_MED-884.fna,58.58,2.21
TOBG_MED-883.fna,56.51,4.58
TOBG_MED-881.fna,66.3,2.26
TOBG_MED-880.fna,79.4,4
TOBG_MED-879.fna,91.75,8.38
TOBG_MED-878.fna,91.97,7.1
TOBG_MED-877.fna,55.17,3.45
TOBG_MED-876.fna,52.05,2.35
TOBG_MED-875.fna,51.02,2.67
TOBG_MED-874.fna,55.33,2.8
TOBG_MED-873.fna,51.61,4.7
TOBG_MED-872.fna,64.78,3.61
TOBG_MED-871.fna,51.22,4.6
TOBG_MED-870.fna,74.13,2.4
TOBG_MED-869.fna,56.98,2.15
TOBG_MED-867.fna,73.08,3.42
TOBG_MED-866.fna,50.86,2.04
TOBG_MED-864.fna,55.69,2.01
TOBG_MED-859.fna,53.9,3.77
TOBG_MED-858.fna,69.53,4.3
TOBG_MED-855.fna,73.18,3.09
TOBG_MED-853.fna,78.93,4.8
TOBG_MED-852.fna,63.5,3.36
TOBG_MED-851.fna,63.6,2.21
TOBG_MED-850.fna,76.9,3.71
TOBG_MED-849.fna,51.27,3.68
TOBG_MED-848.fna,55.56,2.62
TOBG_MED-847.fna,57.35,3.68
TOBG_MED-846.fna,74.27,3.36
TOBG_MED-843.fna,59.78,3.8
TOBG_MED-841.fna,76.16,3.04
TOBG_MED-840.fna,57.33,4.05
TOBG_MED-839.fna,69.17,2.14
TOBG_MED-838.fna,51.3,2.74
TOBG_MED-836.fna,58.19,4.63
TOBG_MED-835.fna,76.91,3.98
TOBG_MED-834.fna,77.4,3.04
TOBG_MED-833.fna,54.98,3.76
TOBG_MED-832.fna,68.52,3.7
TOBG_MED-830.fna,76.3,3.03
TOBG_MED-829.fna,78.93,2.2
TOBG_MED-828.fna,75.68,4.9
TOBG_MED-827.fna,75.47,3.77
TOBG_MED-825.fna,93.98,5.87
TOBG_MED-824.fna,63.4,2.68
TOBG_MED-823.fna,58.31,3.73
TOBG_MED-822.fna,54.21,2.43
TOBG_MED-821.fna,50.6,3.48
TOBG_MED-819.fna,72.52,4.62
TOBG_MED-818.fna,79.41,3.43
TOBG_MED-817.fna,68.45,2.38
TOBG_MED-816.fna,58.25,3.59
TOBG_MED-815.fna,90.49,8.6
TOBG_MED-814.fna,90.2,6.51
TOBG_MED-812.fna,64.84,2.2
TOBG_MED-810.fna,90.56,6.32
TOBG_MED-809.fna,90.03,9.96
TOBG_MED-808.fna,51.65,2.2
TOBG_MED-807.fna,60.27,2.15
TOBG_MED-806.fna,91.21,9.89
TOBG_MED-805.fna,58.45,2.82
TOBG_MED-804.fna,51.11,3.16
TOBG_MED-803.fna,79.36,2.39
TOBG_MED-802.fna,50.21,2.82
TOBG_MED-801.fna,74.37,2.83
TOBG_MED-800.fna,54.69,2.6
TOBG_MED-797.fna,93.18,6.97
TOBG_MED-795.fna,65.66,3.45
TOBG_MED-794.fna,55.9,2.92
TOBG_MED-793.fna,63.62,2.51
TOBG_MED-792.fna,94.66,8.8
TOBG_MED-790.fna,67.82,3.07
TOBG_MED-788.fna,55.72,2.2
TOBG_MED-787.fna,52.66,2.41
TOBG_MED-786.fna,51.1,2.67
TOBG_MED-785.fna,50.44,2.68
TOBG_MED-784.fna,59.04,2.41
TOBG_MED-782.fna,51.46,0.89
TOBG_MED-781.fna,62.07,1.72
TOBG_MED-780.fna,64.06,1.1
TOBG_MED-779.fna,84.56,4.41
TOBG_MED-778.fna,94.78,4.31
TOBG_MED-776.fna,69.32,0
TOBG_MED-775.fna,70.31,1.05
TOBG_MED-772.fna,53.45,0
TOBG_MED-770.fna,64.76,1.87
TOBG_MED-769.fna,81.93,4.67
TOBG_MED-796.fna,94.85,5.28
TOBG_MED-768.fna,76.36,1.83
TOBG_MED-766.fna,93.27,3.91
TOBG_MED-764.fna,53.14,1.45
TOBG_MED-746.fna,96.7,6.59
TOBG_MED-760.fna,65.81,0.25
TOBG_MED-759.fna,89.74,3.21
TOBG_MED-758.fna,50.43,0.43
TOBG_MED-757.fna,92.31,4.95
TOBG_MED-756.fna,86.83,1.74
TOBG_NAT-174.fna,65.83,0
TOBG_NAT-175.fna,95.47,8.46
TOBG_NAT-178.fna,91.96,1.79
TOBG_NAT-179.fna,97.04,0.54
TOBG_NAT-18.fna,90.81,1.14
TOBG_NAT-180.fna,67.24,0
TOBG_NAT-181.fna,87.01,2.04
TOBG_NAT-182.fna,78.31,0
TOBG_NAT-183.fna,62.67,0.86
TOBG_NAT-185.fna,92.23,4.19
TOBG_NAT-186.fna,50.79,1.87
TOBG_NAT-187.fna,90.32,2.69
TOBG_NAT-188.fna,95.3,3.85
TOBG_NAT-189.fna,55.66,1.08
TOBG_NAT-19.fna,95.16,1.08
TOBG_NAT-190.fna,83.69,1.98
TOBG_NAT-193.fna,52.02,1.1
TOBG_NAT-194.fna,50.91,1.83
TOBG_NAT-195.fna,51.65,1.1
TOBG_NAT-196.fna,62.57,3.3
TOBG_NAT-197.fna,87.93,8.46
TOBG_NAT-198.fna,86.81,9.89
TOBG_NAT-199.fna,54.79,2.42
TOBG_NAT-2.fna,96.17,6.45
TOBG_NAT-20.fna,98.26,6.56
TOBG_NAT-200.fna,85.95,5.88
TOBG_NAT-202.fna,51.23,2.53
TOBG_NAT-204.fna,53.36,3.2
TOBG_NAT-205.fna,94.71,6.45
TOBG_NAT-207.fna,66.75,3.42
TOBG_NAT-209.fna,78.22,2.94
TOBG_NAT-21.fna,97.1,1.99
TOBG_NAT-210.fna,94.68,6.62
TOBG_NAT-211.fna,66.97,3.3
TOBG_NAT-212.fna,79.62,4.35
TOBG_NAT-215.fna,58.62,3.45
TOBG_NAT-216.fna,68.92,2.84
TOBG_NAT-217.fna,93.41,8.79
TOBG_NAT-218.fna,71.29,3.47
TOBG_NAT-219.fna,50.48,2.2
TOBG_NAT-22.fna,83.11,3.51
TOBG_NAT-220.fna,85.31,9.39
TOBG_NAT-221.fna,76.87,3.42
TOBG_NAT-222.fna,71.66,3.7
TOBG_NAT-223.fna,67.86,2.6
TOBG_NAT-224.fna,92.12,6.23
TOBG_NAT-225.fna,89.51,5.91
TOBG_NAT-226.fna,56.91,2.28
TOBG_NAT-228.fna,51.16,2.97
TOBG_SP-1.fna,77.62,0.14
TOBG_SAT-99.fna,99.19,1.61
TOBG_SAT-98.fna,96.23,2.13
TOBG_SAT-97.fna,94.62,1.95
TOBG_SAT-96.fna,69.63,1.98
TOBG_SAT-95.fna,81.6,0.8
TOBG_SAT-94.fna,71.05,0.8
TOBG_SAT-93.fna,97.27,1.61
TOBG_SAT-92.fna,100,1.03
TOBG_SAT-91.fna,92.54,2.97
TOBG_SAT-90.fna,82.79,0.74
TOBG_SAT-9.fna,98.7,5.22
TOBG_SAT-89.fna,54.66,0
TOBG_SAT-88.fna,99.59,3.99
TOBG_SAT-87.fna,100,3.33
TOBG_SAT-84.fna,64.32,1.15
TOBG_SAT-83.fna,95.25,1.3
TOBG_SAT-82.fna,54.17,1.04
TOBG_SAT-81.fna,56.54,0.34
TOBG_SAT-80.fna,57.54,1.1
TOBG_SAT-8.fna,98.05,4.38
TOBG_SAT-79.fna,81.19,2.23
TOBG_SAT-78.fna,52.89,0.83
TOBG_SAT-77.fna,86.75,3.23
TOBG_SAT-76.fna,55.88,0
TOBG_SAT-75.fna,90.96,0.67
TOBG_SAT-74.fna,86.09,0.16
TOBG_SAT-73.fna,98.7,2.75
TOBG_SAT-71.fna,57.28,1.94
TOBG_SAT-70.fna,55.49,1.72
TOBG_SAT-7.fna,97.59,4.83
TOBG_SAT-69.fna,84.62,2.18
TOBG_SAT-68.fna,51.69,0.87
TOBG_SAT-67.fna,84.27,0.98
TOBG_SAT-66.fna,90,1.3
TOBG_SAT-64.fna,76.1,1.08
TOBG_SAT-63.fna,74.92,1.89
TOBG_SAT-62.fna,99.43,0.67
TOBG_SAT-61.fna,74.1,0.52
TOBG_SAT-60.fna,98.91,4.26
TOBG_SAT-6.fna,98.23,0.92
TOBG_SAT-58.fna,63.29,1.02
TOBG_SAT-57.fna,76.17,1.27
TOBG_SAT-56.fna,85.23,0.31
TOBG_SAT-55.fna,99.19,2.51
TOBG_SAT-54.fna,98.16,3.17
TOBG_SAT-53.fna,54.31,1.72
TOBG_SAT-52.fna,96.37,2.68
TOBG_SAT-51.fna,99.24,5.6
TOBG_SAT-50.fna,65.87,0.15
TOBG_SAT-5.fna,88.37,2.62
TOBG_SAT-49.fna,98.35,0.19
TOBG_SAT-48.fna,50.16,0
TOBG_SAT-47.fna,85.13,4.73
TOBG_SAT-46.fna,97.9,1.22
TOBG_SAT-45.fna,66.53,1.1
TOBG_SAT-44.fna,61.33,0.27
TOBG_SAT-43.fna,98.92,0.27
TOBG_SAT-42.fna,94.03,3.87
TOBG_SAT-41.fna,65.75,0.04
TOBG_SAT-40.fna,99.57,1.43
TOBG_SAT-4.fna,98.44,1.53
TOBG_SAT-39.fna,88.79,1.18
TOBG_SAT-38.fna,80.13,3.07
TOBG_SAT-37.fna,99.39,2.64
TOBG_SAT-36.fna,62.64,1.1
TOBG_SAT-35.fna,97.41,0.43
TOBG_SAT-34.fna,61.28,0.19
TOBG_SAT-33.fna,80.92,2.17
TOBG_SAT-32.fna,61.2,1.94
TOBG_SAT-31.fna,99.78,1.2
TOBG_SAT-3078.fna,50.51,2.47
TOBG_SAT-3076.fna,50.99,0
TOBG_SAT-3048.fna,70.04,0
TOBG_SAT-3034.fna,62.9,2.15
TOBG_SAT-3021.fna,100,6.34
TOBG_SAT-3008.fna,69.36,2.97
TOBG_SAT-30.fna,69.77,1.76
TOBG_SAT-3.fna,95.93,0.62
TOBG_SAT-2998.fna,58.6,3.05
TOBG_SAT-2990.fna,65.38,1.12
TOBG_SAT-2989.fna,65.92,3.37
TOBG_SAT-2985.fna,54.45,4.17
TOBG_SAT-2981.fna,57.1,2.05
TOBG_SAT-2971.fna,69.38,4.8
TOBG_SAT-2963.fna,56.11,0.86
TOBG_SAT-2956.fna,54.95,3.3
TOBG_SAT-2911.fna,89.83,0.07
TOBG_SAT-2910.fna,74.91,1.85
TOBG_SAT-29.fna,57.83,1.61
TOBG_SAT-2866.fna,55.17,0
TOBG_SAT-2856.fna,54.77,2.96
TOBG_SAT-2823.fna,54.24,1.59
TOBG_SAT-2804.fna,50.68,1.84
TOBG_SAT-28.fna,96.64,1
TOBG_SAT-2797.fna,58.42,3.9
TOBG_SAT-2788.fna,84.08,2.46
TOBG_SAT-2787.fna,92.53,0.86
TOBG_SAT-2781.fna,64.27,3.73
TOBG_SAT-2766.fna,79.57,0.81
TOBG_SAT-2756.fna,90.86,1.86
TOBG_SAT-2755.fna,87.17,0.43
TOBG_SAT-2751.fna,58.24,2.2
TOBG_SAT-2750.fna,56.03,0
TOBG_SAT-2734.fna,58.03,2.17
TOBG_SAT-2731.fna,50.88,0
TOBG_SAT-2727.fna,55.59,4.88
TOBG_SAT-27.fna,99.24,0.19
TOBG_SAT-2699.fna,52.56,2.56
TOBG_SAT-2681.fna,62.78,0.8
TOBG_SAT-2619.fna,79.12,2.2
TOBG_SAT-2610.fna,65.56,1.12
TOBG_SAT-2604.fna,66.01,1.98
TOBG_SAT-26.fna,99.26,0.83
TOBG_SAT-2595.fna,71.03,0
TOBG_SAT-2594.fna,67.97,0
TOBG_SAT-2587.fna,50.09,0.72
TOBG_SAT-25.fna,80.75,2.28
TOBG_SAT-24.fna,71.88,1.1
TOBG_SAT-230.fna,93.1,2.48
TOBG_SAT-23.fna,76.65,0.82
TOBG_SAT-229.fna,69.11,0
TOBG_SAT-228.fna,93.37,0.99
TOBG_SAT-227.fna,96.36,7.84
TOBG_SAT-226.fna,81.37,3.68
TOBG_SAT-225.fna,70.49,1.61
TOBG_SAT-224.fna,55.17,1.72
TOBG_SAT-223.fna,66.47,1.62
TOBG_SAT-222.fna,55.49,0
TOBG_SAT-221.fna,92.57,1.19
TOBG_SAT-220.fna,81.35,0
TOBG_SAT-22.fna,93.81,1.14
TOBG_SAT-219.fna,68.99,1.35
TOBG_SAT-218.fna,67.27,1.6
TOBG_SAT-217.fna,80.01,1.61
TOBG_SAT-216.fna,67.95,0.83
TOBG_SAT-215.fna,66.17,0.99
TOBG_SAT-213.fna,78.38,1.98
TOBG_SAT-212.fna,50.6,0
TOBG_SAT-211.fna,83.81,3.68
TOBG_SAT-210.fna,55.17,1.72
TOBG_SAT-21.fna,68.1,1.72
TOBG_SAT-209.fna,51.74,0
TOBG_SAT-207.fna,54.7,0
TOBG_SAT-206.fna,83.11,0.99
TOBG_SAT-205.fna,71.94,0
TOBG_SAT-204.fna,51.52,1.1
TOBG_SAT-203.fna,68.21,0
TOBG_SP-175.fna,62.67,1.6
TOBG_SP-174.fna,82.42,3.3
TOBG_SP-173.fna,86.81,4.4
TOBG_SP-172.fna,53.2,1.6
TOBG_SP-171.fna,82.73,3.09
TOBG_SP-170.fna,53.29,1.6
TOBG_SP-17.fna,99.07,2.77
TOBG_SP-169.fna,96.1,1.27
TOBG_SP-168.fna,65.28,0
TOBG_SP-167.fna,99.37,0.97
TOBG_SP-166.fna,92.87,0
TOBG_SP-165.fna,53.93,0.99
TOBG_SP-164.fna,92.6,3.68
TOBG_SP-163.fna,96.42,2.29
TOBG_SP-161.fna,76.55,0
TOBG_SP-160.fna,95.73,4.7
TOBG_SP-16.fna,99,1.24
TOBG_SP-159.fna,90.05,1.22
TOBG_SP-158.fna,82.83,0.06
TOBG_SP-157.fna,87.03,0.99
TOBG_SP-156.fna,91.52,0.87
TOBG_SP-155.fna,52.94,1.11
TOBG_SP-154.fna,99.57,0
TOBG_SP-153.fna,68.88,1.56
TOBG_SP-152.fna,62.75,0.81
TOBG_SP-151.fna,97.67,0
TOBG_SP-148.fna,50.81,1.9
TOBG_SP-147.fna,65.79,1.74
TOBG_SP-146.fna,57.05,0
TOBG_SP-145.fna,89.1,2.84
TOBG_SP-144.fna,100,5.17
TOBG_SP-143.fna,63.33,1.6
TOBG_SP-142.fna,98.84,3.3
TOBG_SAT-142.fna,81.55,3.35
TOBG_SP-141.fna,84.98,2.35
TOBG_SP-140.fna,99.03,4.65
TOBG_SP-139.fna,65.22,0
TOBG_SP-138.fna,94.44,4.4
TOBG_SP-137.fna,98.86,3.98
TOBG_SP-136.fna,97.3,2.61
TOBG_SP-135.fna,94.32,0.57
TOBG_SP-134.fna,50.54,0
TOBG_SP-133.fna,99.12,0.89
TOBG_SP-132.fna,51.06,1.37
TOBG_SP-131.fna,88.69,2.16
TOBG_SP-13.fna,97.97,2.7
TOBG_SP-129.fna,57.93,1.72
TOBG_SP-127.fna,82.87,2.04
TOBG_SP-126.fna,94.48,1.87
TOBG_SP-125.fna,92.31,0.5
TOBG_SP-124.fna,75,0.84
TOBG_SP-123.fna,99.78,0.43
TOBG_SP-122.fna,51.9,0
TOBG_SP-120.fna,63.1,1.72
TOBG_SP-118.fna,84.1,1.32
TOBG_SP-117.fna,58.93,0
TOBG_SP-116.fna,51.4,1.28
TOBG_SP-115.fna,85.85,1.24
TOBG_SP-114.fna,94.41,4.42
TOBG_SP-112.fna,97.27,3.15
TOBG_SP-111.fna,51.25,1.15
TOBG_SP-110.fna,96.59,0.57
TOBG_SP-11.fna,99.01,1.2
TOBG_SP-109.fna,84.02,4.14
TOBG_SP-108.fna,80.12,3.3
TOBG_SP-107.fna,70.74,1.67
TOBG_SP-106.fna,57.14,1.1
TOBG_SP-105.fna,89.59,1.15
TOBG_SP-103.fna,58.62,0.86
TOBG_SP-102.fna,93.48,4.14
TOBG_SP-101.fna,83.52,3.85
TOBG_SP-100.fna,59.42,0.8
TOBG_SAT-202.fna,50.14,1.3
TOBG_SAT-201.fna,82.48,2.2
TOBG_SAT-200.fna,72.83,1.36
TOBG_SAT-20.fna,90.05,3.16
TOBG_SAT-2.fna,83.18,4.29
TOBG_SAT-199.fna,56.27,0
TOBG_SAT-198.fna,97.74,2.23
TOBG_SAT-197.fna,77.98,1.65
TOBG_SAT-196.fna,67.52,0.85
TOBG_SAT-194.fna,98.1,1.73
TOBG_SAT-190.fna,65.07,0.8
TOBG_SAT-19.fna,80.61,2.88
TOBG_SAT-189.fna,97.41,2.28
TOBG_SAT-188.fna,62.95,0
TOBG_SAT-187.fna,55.17,0.86
TOBG_SAT-186.fna,61.08,1.99
TOBG_SAT-185.fna,85.03,2.79
TOBG_SAT-183.fna,95.39,3.13
TOBG_SAT-182.fna,93.73,0.99
TOBG_SAT-181.fna,83.66,4.95
TOBG_SAT-180.fna,92.11,2.68
TOBG_SAT-18.fna,89.4,3.15
TOBG_SAT-179.fna,93.9,1.79
TOBG_SAT-178.fna,58.53,0
TOBG_SAT-177.fna,98.04,1.3
TOBG_SAT-176.fna,96.54,8.13
TOBG_SAT-175.fna,84.89,1.88
TOBG_SAT-174.fna,61.42,0.4
TOBG_SAT-173.fna,55.69,1.87
TOBG_SAT-172.fna,53.81,0.68
TOBG_SAT-170.fna,69.03,0
TOBG_SAT-17.fna,98.28,9.48
TOBG_SAT-169.fna,52.97,0
TOBG_SAT-168.fna,93.38,0
TOBG_SAT-166.fna,87.85,3.3
TOBG_SAT-165.fna,77.69,0.8
TOBG_SAT-164.fna,77.73,0.06
TOBG_SAT-162.fna,90.11,2.75
TOBG_SAT-1613.fna,89.32,5.56
TOBG_SAT-1610.fna,87.58,6.08
TOBG_SAT-161.fna,79.63,1.71
TOBG_SAT-1609.fna,88.84,7.55
TOBG_SAT-1608.fna,75.64,3.85
TOBG_SAT-1607.fna,82.52,8.4
TOBG_SAT-160.fna,54.31,0
TOBG_SAT-16.fna,60.16,0.05
TOBG_SAT-1585.fna,70.62,2.3
TOBG_SAT-1582.fna,75.86,3.45
TOBG_SAT-1581.fna,58.5,2.99
TOBG_SAT-158.fna,65.02,0
TOBG_SAT-1579.fna,63.2,2.97
TOBG_SAT-1578.fna,51.72,3.45
TOBG_SAT-1576.fna,64.34,4.29
TOBG_SAT-157.fna,81.2,4.27
TOBG_SAT-1567.fna,69.07,4.33
TOBG_SAT-1561.fna,50.6,4.82
TOBG_SAT-156.fna,52.7,0
TOBG_SAT-1554.fna,55.43,2.4
TOBG_SAT-1553.fna,76.27,4
TOBG_SAT-1551.fna,69.87,3.85
TOBG_SAT-155.fna,99.32,0.68
TOBG_SAT-154.fna,77.69,0.99
TOBG_SAT-1530.fna,54.9,4.93
TOBG_SAT-153.fna,54.36,0
TOBG_SAT-152.fna,92.26,0.59
TOBG_SAT-1517.fna,81.82,6.14
TOBG_SAT-1510.fna,75.02,4
TOBG_SAT-151.fna,65.19,0.66
TOBG_SAT-1509.fna,94.3,6.88
TOBG_SAT-1507.fna,72.15,4.49
TOBG_SAT-1505.fna,59.05,2.56
TOBG_SAT-1504.fna,63.6,3.6
TOBG_SAT-150.fna,86.32,3.42
TOBG_SAT-15.fna,97.78,9
TOBG_SAT-149.fna,71.26,1.01
TOBG_SAT-1489.fna,60.07,4.95
TOBG_SAT-1487.fna,59.07,3.51
TOBG_SAT-1485.fna,67.07,4.8
TOBG_SAT-148.fna,66.45,0
TOBG_SAT-1475.fna,72.49,3.2
TOBG_SAT-147.fna,50.87,0
TOBG_SAT-1464.fna,63.19,4.62
TOBG_SAT-1462.fna,79.17,4.86
TOBG_SAT-1461.fna,52.45,2.38
TOBG_SAT-1460.fna,59.61,2.4
TOBG_SAT-146.fna,55.46,0
TOBG_SAT-1451.fna,85.65,5.49
TOBG_SAT-1450.fna,79.67,2.2
TOBG_SAT-1449.fna,85.73,5.33
TOBG_SAT-1448.fna,75.14,4.16
TOBG_SAT-1446.fna,79.55,2.56
TOBG_SAT-144.fna,51.07,1.71
TOBG_SAT-1434.fna,87.1,8.6
TOBG_SAT-1433.fna,68.5,4.41
TOBG_SAT-1431.fna,81.97,5.98
TOBG_SAT-1430.fna,54.92,3.7
TOBG_SAT-143.fna,63.73,0
TOBG_SAT-1429.fna,58.05,3.51
TOBG_SAT-1416.fna,61.47,4.88
TOBG_SAT-141.fna,99.46,5.77
TOBG_SAT-1405.fna,65.38,2.99
TOBG_SAT-1404.fna,56.06,2.34
TOBG_SAT-1403.fna,81.32,8.31
TOBG_SAT-1401.fna,91.67,8.04
TOBG_SAT-140.fna,70.41,0
TOBG_SAT-1391.fna,85.42,8.07
TOBG_SAT-1390.fna,69.15,2.09
TOBG_SAT-139.fna,81.07,1.94
TOBG_SAT-1388.fna,93.81,7.13
TOBG_SAT-1387.fna,54.1,3.55
TOBG_SAT-1386.fna,51.71,3.19
TOBG_SAT-1384.fna,50.98,3.64
TOBG_SAT-1383.fna,66.62,3.41
TOBG_SAT-138.fna,82.42,0
TOBG_SAT-137.fna,86.33,1.94
TOBG_SAT-1369.fna,87.77,8.62
TOBG_SAT-1367.fna,93.91,8.19
TOBG_SAT-1366.fna,92.24,5.49
TOBG_SAT-136.fna,57.48,0
TOBG_SAT-1346.fna,75.21,2.56
TOBG_SAT-1359.fna,76.07,3.47
TOBG_SAT-1358.fna,72.69,3.83
TOBG_SAT-1356.fna,55.02,2.6
TOBG_SAT-135.fna,88.6,0.36
TOBG_SAT-1347.fna,60.13,3.2
TOBG_SAT-1345.fna,51.47,4.78
TOBG_SAT-1344.fna,73.05,2.41
TOBG_SAT-1342.fna,78.54,4.36
TOBG_SAT-1340.fna,70.31,3.51
TOBG_SAT-134.fna,89.08,4
TOBG_SAT-1339.fna,79.43,4.87
TOBG_SAT-1333.fna,65.81,2.56
TOBG_SAT-1332.fna,61.74,4
TOBG_SAT-1331.fna,75.91,4.57
TOBG_SAT-133.fna,75.37,1.19
TOBG_SAT-1329.fna,77.06,2.4
TOBG_SAT-1328.fna,66.29,4.76
TOBG_SAT-132.fna,85.27,1.08
TOBG_SAT-131.fna,70.73,0
TOBG_SAT-1309.fna,94.83,6.21
TOBG_SAT-1308.fna,83.1,5.17
TOBG_SAT-1302.fna,55.1,2.73
TOBG_SAT-1301.fna,51.88,4.28
TOBG_SAT-1300.fna,50.82,2.76
TOBG_SAT-130.fna,99.29,4
TOBG_SAT-13.fna,95.71,0.99
TOBG_SAT-129.fna,96.88,1.79
TOBG_SAT-1289.fna,86.83,7.37
TOBG_SAT-128.fna,97.74,8.24
TOBG_SAT-127.fna,73.93,1.28
TOBG_SAT-126.fna,98.28,6.55
TOBG_SAT-125.fna,50.16,1.68
TOBG_SAT-124.fna,56.18,1.44
TOBG_SAT-123.fna,50.68,0.99
TOBG_SAT-122.fna,70.81,1.6
TOBG_SAT-121.fna,100,6.18
TOBG_SAT-120.fna,62.74,1.07
TOBG_SAT-12.fna,94.64,1.18
TOBG_SAT-119.fna,51.67,0.26
TOBG_SAT-118.fna,58.8,0
TOBG_SAT-117.fna,99.61,3.93
TOBG_SAT-116.fna,70.34,1.6
TOBG_SAT-115.fna,99.35,9.09
TOBG_SAT-145.fna,80.53,1.6
TOBG_SAT-113.fna,99.14,3.99
TOBG_SAT-112.fna,98.06,5.38
TOBG_SAT-111.fna,99.43,1.61
TOBG_SAT-110.fna,97.23,6.58
TOBG_SAT-11.fna,67.07,1.6
TOBG_SAT-109.fna,96.81,7.51
TOBG_SAT-108.fna,91.7,3.91
TOBG_SAT-107.fna,95.89,9.15
TOBG_SAT-106.fna,99.24,0.27
TOBG_SAT-105.fna,93.55,1.08
TOBG_SAT-104.fna,98.51,1.35
TOBG_SAT-103.fna,87.53,1.08
TOBG_SAT-102.fna,57.73,0
TOBG_SAT-100.fna,56.03,1.72
TOBG_SAT-10.fna,95.61,3.45
TOBG_SAT-1.fna,89.64,2.2
TOBG_SP-95.fna,60.75,1.63
TOBG_SP-94.fna,85.3,4.84
TOBG_SP-93.fna,98.32,0
TOBG_SP-92.fna,68.97,0
TOBG_SP-91.fna,54.25,0
TOBG_SP-90.fna,59.66,0.86
TOBG_SP-9.fna,61.67,0.21
TOBG_SP-89.fna,95.6,8.85
TOBG_SP-88.fna,79.07,0.8
TOBG_SP-87.fna,62.4,0.89
TOBG_SP-86.fna,83.08,4.04
TOBG_SP-85.fna,98.31,8.88
TOBG_SP-83.fna,59.09,0
TOBG_SP-82.fna,90.86,2.87
TOBG_SP-81.fna,90.81,1.1
TOBG_SP-80.fna,68.97,1.72
TOBG_SP-8.fna,89.06,2.2
TOBG_SP-79.fna,53.07,0.8
TOBG_SP-78.fna,86.13,1.73
TOBG_SP-77.fna,51.65,0
TOBG_SP-75.fna,91.58,0.89
TOBG_SP-74.fna,81.65,2.96
TOBG_SP-73.fna,97.6,2.47
TOBG_SP-72.fna,67.76,0.99
TOBG_SP-71.fna,76.61,0
TOBG_SP-70.fna,99.65,5.56
TOBG_SP-7.fna,55.17,0
TOBG_SP-69.fna,88.78,3.47
TOBG_SP-68.fna,59.27,0.84
TOBG_SP-67.fna,63.96,0.8
TOBG_SP-65.fna,55.17,0
TOBG_SP-64.fna,95.23,3.16
TOBG_SP-62.fna,99.54,2.67
TOBG_SP-61.fna,96.64,3.91
TOBG_SP-60.fna,87.73,3.21
TOBG_SP-6.fna,73.36,1.84
TOBG_SP-59.fna,71.62,0.37
TOBG_SP-58.fna,71,0.65
TOBG_SP-57.fna,86.97,4.71
TOBG_SP-56.fna,84.91,4.02
TOBG_SP-55.fna,50.88,1.75
TOBG_SP-54.fna,61.65,0.54
TOBG_SP-53.fna,55.33,1.72
TOBG_SP-52.fna,89.39,2.18
TOBG_SP-51.fna,73.63,0
TOBG_SP-50.fna,63.17,0
TOBG_SP-5.fna,95.27,2.36
TOBG_SP-49.fna,74.13,1.19
TOBG_SP-486.fna,77.11,0
TOBG_SP-48.fna,62.64,0
TOBG_SP-47.fna,88.71,3.76
TOBG_SP-45.fna,91.51,4.99
TOBG_SP-4388.fna,90.11,2.2
TOBG_SP-4387.fna,89.49,0
TOBG_SP-4380.fna,71.31,0.85
TOBG_SP-4379.fna,89.5,0
TOBG_SP-4374.fna,52.26,0
TOBG_SP-4369.fna,87.4,1.88
TOBG_SP-4366.fna,84.66,6.6
TOBG_SP-4365.fna,93.11,1.81
TOBG_SP-4360.fna,93.23,4.68
TOBG_SP-4356.fna,76.4,0.99
TOBG_SP-4355.fna,74.42,2.97
TOBG_SP-4300.fna,73.59,4.82
TOBG_SP-43.fna,98.33,1.61
TOBG_SP-4294.fna,56.32,0.85
TOBG_SP-4291.fna,56.9,0.86
TOBG_SP-4288.fna,95.01,5.94
TOBG_SP-4275.fna,71.23,2.01
TOBG_SP-4272.fna,52.68,2.2
TOBG_SP-4269.fna,60.17,2.87
TOBG_SP-4260.fna,63.79,1.72
TOBG_SP-4258.fna,62.55,0.72
TOBG_SP-4251.fna,51.14,3.3
TOBG_SP-4248.fna,61.65,1.19
TOBG_SP-4246.fna,63.48,0
TOBG_SP-4236.fna,50.11,1.52
TOBG_SP-4225.fna,84.55,3.85
TOBG_SP-4222.fna,51.65,0
TOBG_SP-4220.fna,83.28,0
TOBG_SP-4215.fna,66.72,1.98
TOBG_SP-4206.fna,51.72,3.45
TOBG_SP-42.fna,66.09,0
TOBG_SP-4189.fna,72.56,2.87
TOBG_SP-4154.fna,79.41,0.85
TOBG_SP-4150.fna,69.66,3.37
TOBG_SP-4145.fna,70.93,4
TOBG_SP-4114.fna,54.39,0
TOBG_SP-41.fna,65.01,1.65
TOBG_SP-4097.fna,68.45,0
TOBG_SP-4073.fna,56.14,0
TOBG_SP-4060.fna,70.12,0.74
TOBG_SP-4045.fna,76.77,4.88
TOBG_SP-4044.fna,90.1,9.02
TOBG_SP-4039.fna,68.13,0
TOBG_SP-4038.fna,79.87,3.17
TOBG_SP-4032.fna,54.44,4.73
TOBG_SP-4027.fna,88.42,9.35
TOBG_SP-4025.fna,51.61,3.23
TOBG_SP-4023.fna,93.92,8.11
TOBG_SP-4021.fna,66.01,0.99
TOBG_SP-4016.fna,74.92,1.72
TOBG_SP-4.fna,70.54,0
TOBG_SP-3992.fna,81.07,4.37
TOBG_SP-3985.fna,66.07,3.63
TOBG_SP-3984.fna,88.12,3.96
TOBG_SP-3983.fna,100,9.56
TOBG_SP-3982.fna,85.71,3.87
TOBG_SP-3971.fna,75.82,0
TOBG_SP-3966.fna,76.34,5
TOBG_SP-39.fna,76.24,0.54
TOBG_SP-38.fna,91.76,3.3
TOBG_SP-37.fna,99.14,1.57
TOBG_SP-362.fna,89.73,1.68
TOBG_SP-361.fna,64.52,0
TOBG_SP-360.fna,75.14,1.3
TOBG_SP-36.fna,64.09,0.96
TOBG_SP-359.fna,50.6,1.2
TOBG_SP-358.fna,87.94,4.73
TOBG_SP-354.fna,82.1,3.91
TOBG_SP-353.fna,53.45,0
TOBG_SP-352.fna,54.13,1.98
TOBG_SP-351.fna,76.92,1.28
TOBG_SP-350.fna,99.78,0.17
TOBG_SP-35.fna,80.48,3.36
TOBG_SP-349.fna,82.36,0.43
TOBG_SP-346.fna,70.43,1.2
TOBG_SP-345.fna,62.96,0.49
TOBG_SP-344.fna,91.75,0.2
TOBG_SP-343.fna,90.56,2.18
TOBG_SP-342.fna,78.88,1.98
TOBG_SP-340.fna,89.02,4.27
TOBG_SP-34.fna,87.94,4.08
TOBG_SP-339.fna,68.8,1.52
TOBG_SP-338.fna,67.02,0
TOBG_SP-337.fna,89.16,0
TOBG_SP-336.fna,51.28,0.43
TOBG_SP-335.fna,80.99,3.05
TOBG_SP-334.fna,85.48,0
TOBG_SP-333.fna,81.03,1.72
TOBG_SP-332.fna,79.63,1.85
TOBG_SP-330.fna,90.3,0.54
TOBG_SP-33.fna,56.9,0
TOBG_SP-329.fna,58.67,1.61
TOBG_SP-328.fna,87.91,0.3
TOBG_SP-327.fna,53.08,0
TOBG_SP-326.fna,51.72,1.72
TOBG_SP-325.fna,59.48,1.72
TOBG_SP-324.fna,60.68,1.35
TOBG_SP-323.fna,52.41,1.79
TOBG_SP-322.fna,50.67,0.8
TOBG_SP-321.fna,64.36,0.59
TOBG_SP-320.fna,78.47,0
TOBG_SP-32.fna,98.64,0.74
TOBG_SP-319.fna,80.45,0.99
TOBG_SP-317.fna,71.81,1.12
TOBG_SP-316.fna,83.33,0
TOBG_SP-315.fna,65.28,0
TOBG_SP-314.fna,59.81,0.93
TOBG_SP-313.fna,55.96,0.31
TOBG_SP-312.fna,82.88,0
TOBG_SP-3119.fna,81.32,9.29
TOBG_SP-3118.fna,85.46,6.25
TOBG_SP-3117.fna,50.55,2.2
TOBG_SP-3115.fna,53.6,4
TOBG_SP-3112.fna,85.96,5.65
TOBG_SP-3111.fna,83.8,9.89
TOBG_SP-3110.fna,72.68,2.89
TOBG_SP-311.fna,94.44,2.2
TOBG_SP-3109.fna,94.62,9.14
TOBG_SP-3107.fna,73.78,3.2
TOBG_SP-3105.fna,86.81,6.04
TOBG_SP-3103.fna,92.25,8.28
TOBG_SP-3102.fna,54.68,2.22
TOBG_SP-3100.fna,69.44,3.66
TOBG_SP-310.fna,63.79,1.72
TOBG_SP-3098.fna,88.24,8.09
TOBG_SP-3097.fna,76.37,3.3
TOBG_SP-3096.fna,60.72,4.82
TOBG_SP-3093.fna,58.67,3.2
TOBG_SP-3092.fna,67.2,2.53
TOBG_SP-3091.fna,63.67,2.2
TOBG_SP-309.fna,55.36,0
TOBG_SP-3089.fna,64.49,2.09
TOBG_SP-3088.fna,58.74,4
TOBG_SP-3087.fna,58.11,3.6
TOBG_SP-3086.fna,62.12,2.36
TOBG_SP-3084.fna,90.65,5.16
TOBG_SP-3083.fna,94.74,7.66
TOBG_SP-3082.fna,57.35,2.15
TOBG_SP-3081.fna,54.41,4.41
TOBG_SP-3078.fna,59.43,2.11
TOBG_SP-3075.fna,54.81,4.25
TOBG_SP-3074.fna,80.44,5.6
TOBG_SP-3073.fna,79.34,4.41
TOBG_SP-3070.fna,87.18,6.41
TOBG_SP-307.fna,66,0
TOBG_SP-3069.fna,72.41,4.73
TOBG_SP-3068.fna,76.81,4.8
TOBG_SP-3067.fna,58.47,4.8
TOBG_SP-3066.fna,70.93,3.6
TOBG_SP-3065.fna,72.35,4.6
TOBG_SP-3063.fna,84.8,5.6
TOBG_SP-3062.fna,71.47,4.8
TOBG_SP-3061.fna,73.79,2.14
TOBG_SP-3060.fna,92.31,7.69
TOBG_SP-3059.fna,86,5.6
TOBG_SP-3058.fna,73.41,3.3
TOBG_SP-3056.fna,51.87,4.4
TOBG_SP-3054.fna,74.93,4
TOBG_SP-3051.fna,60.99,2.4
TOBG_SP-3050.fna,72.72,2.82
TOBG_SP-305.fna,82.8,3.76
TOBG_SP-3049.fna,62.54,3.28
TOBG_SP-3048.fna,78.37,2.04
TOBG_SP-3046.fna,85.09,8.77
TOBG_SP-3045.fna,68.98,3.96
TOBG_SP-3044.fna,79.21,4.95
TOBG_SP-3042.fna,66.13,3.36
TOBG_SP-3041.fna,77.71,4.46
TOBG_SP-3040.fna,93.79,8.56
TOBG_SP-304.fna,85.7,2.14
TOBG_SP-3038.fna,64.02,2.13
TOBG_SP-3037.fna,90.21,5.49
TOBG_SP-3036.fna,73.06,2.99
TOBG_SP-3035.fna,84.64,9.76
TOBG_SP-3034.fna,52.75,3.99
TOBG_SP-3031.fna,90.17,5.75
TOBG_SP-3030.fna,94.83,8.62
TOBG_SP-303.fna,73.2,1.6
TOBG_SP-3029.fna,84.36,9.19
TOBG_SP-3028.fna,81.21,8.05
TOBG_SP-3027.fna,54.22,4.59
TOBG_SP-3025.fna,74.67,3.36
TOBG_SP-3024.fna,77.73,3.26
TOBG_SP-3023.fna,79.7,2.28
TOBG_SP-3022.fna,69.18,2.56
TOBG_SP-3021.fna,90.16,7.79
TOBG_SP-3020.fna,52.84,2.17
TOBG_SP-302.fna,72.67,1.2
TOBG_SP-3017.fna,83.72,5.42
TOBG_SP-3016.fna,56.84,2.03
TOBG_SP-3014.fna,75.33,2.4
TOBG_SP-3013.fna,89.02,6.75
TOBG_SP-3012.fna,51.2,2.4
TOBG_SP-3010.fna,54.31,2.57
TOBG_SP-301.fna,92.83,0
TOBG_SP-3009.fna,72.94,2.69
TOBG_SP-3007.fna,54.22,3.6
TOBG_SP-3006.fna,65.93,4.4
TOBG_SP-3005.fna,56.42,3.23
TOBG_SP-3004.fna,88.05,9.93
TOBG_SP-3003.fna,85.42,7.03
TOBG_SP-3001.fna,69.7,2.69
TOBG_SP-300.fna,69.08,0.06
TOBG_SP-30.fna,79.15,0.23
TOBG_SP-3.fna,99.78,0
TOBG_SP-2999.fna,94.79,5.41
TOBG_SP-2998.fna,62.82,2.2
TOBG_SP-2997.fna,66.5,2.99
TOBG_SP-2995.fna,53.81,2.03
TOBG_SP-2993.fna,68.17,2.91
TOBG_SP-2992.fna,53.09,3.55
TOBG_SP-299.fna,88.89,0
TOBG_SP-2989.fna,77.66,2.2
TOBG_SP-2986.fna,68.87,4.27
TOBG_SP-2985.fna,88.64,5.54
TOBG_SP-2983.fna,80.77,8.24
TOBG_SP-2982.fna,80.93,5.28
TOBG_SP-2979.fna,85.47,9.57
TOBG_SP-2978.fna,90.52,8.62
TOBG_SP-2977.fna,63.69,3.03
TOBG_SP-2976.fna,73.08,3.24
TOBG_SP-2975.fna,83.28,6.71
TOBG_SP-2974.fna,63.6,2.21
TOBG_SP-2972.fna,82.18,7.92
TOBG_SP-2971.fna,58.12,3.42
TOBG_SP-2970.fna,88.95,9.89
TOBG_SP-297.fna,53.87,0
TOBG_SP-296.fna,54.4,0
TOBG_SP-295.fna,94.92,4.39
TOBG_SP-294.fna,57.62,1.98
TOBG_SP-293.fna,87.53,2.41
TOBG_SP-292.fna,95.47,0.35
TOBG_SP-291.fna,95.98,7.66
TOBG_SP-290.fna,51.72,1.72
TOBG_SP-29.fna,82.88,2.86
TOBG_SP-289.fna,84.4,4.39
TOBG_SP-288.fna,89.86,4.63
TOBG_SP-287.fna,50.9,0.18
TOBG_SP-286.fna,66.73,1.54
TOBG_SP-285.fna,85.48,4.3
TOBG_SP-284.fna,76.68,0.99
TOBG_SP-283.fna,83.07,3.68
TOBG_SP-282.fna,90.44,2.21
TOBG_SP-281.fna,82.91,2.14
TOBG_SP-280.fna,53.21,1.14
TOBG_SP-28.fna,81.64,1
TOBG_SP-279.fna,96.77,0
TOBG_SP-277.fna,64.67,0.38
TOBG_SP-276.fna,73.3,1.1
TOBG_SP-275.fna,97.37,6.09
TOBG_SP-274.fna,82.26,1.44
TOBG_SP-273.fna,50.77,0
TOBG_SP-272.fna,79.76,1.6
TOBG_SP-27.fna,90.48,0.11
TOBG_SP-269.fna,81.81,3.48
TOBG_SP-268.fna,55.89,0.78
TOBG_SP-267.fna,95.38,0.2
TOBG_SP-266.fna,66.81,1.44
TOBG_SP-265.fna,66.85,1.71
TOBG_SP-264.fna,54.48,1.72
TOBG_SP-263.fna,93.66,0.48
TOBG_SP-262.fna,87.29,1.98
TOBG_SP-260.fna,73.83,0.59
TOBG_SP-26.fna,86.27,3.61
TOBG_SP-259.fna,92.91,3.45
TOBG_SP-257.fna,89.44,1.98
TOBG_SP-256.fna,87.87,0
TOBG_SP-253.fna,82.84,3.89
TOBG_SP-252.fna,73.4,0.73
TOBG_SP-250.fna,95.7,4.84
TOBG_SP-25.fna,54.71,1.82
TOBG_SP-248.fna,75.03,0
TOBG_SP-247.fna,84.38,0
TOBG_SP-246.fna,92.46,4.25
TOBG_SP-245.fna,95.31,4.43
TOBG_SP-244.fna,80.68,2.48
TOBG_SP-243.fna,82.42,2.75
TOBG_SP-242.fna,88.58,4.08
TOBG_SP-241.fna,88.29,3.38
TOBG_SP-240.fna,88.63,0
TOBG_SP-24.fna,78.21,0.85
TOBG_SP-239.fna,51.72,0
TOBG_SP-237.fna,93.1,4.08
TOBG_SP-238.fna,91.94,0.66
TOBG_SP-236.fna,70.47,1.28
TOBG_SP-234.fna,91.29,2.12
TOBG_SP-233.fna,52.33,0.01
TOBG_SP-232.fna,76.68,1.91
TOBG_SP-231.fna,52.42,1.6
TOBG_SP-230.fna,70.79,1.32
TOBG_SP-23.fna,91.89,2.7
TOBG_SP-229.fna,56.9,0
TOBG_SP-228.fna,60.08,0.29
TOBG_SP-227.fna,56.16,2
TOBG_SP-226.fna,63.56,0.54
TOBG_SP-225.fna,53.45,1.88
TOBG_SP-224.fna,93.73,4.95
TOBG_SP-223.fna,54.7,1.28
TOBG_SP-221.fna,52.51,0.58
TOBG_SP-22.fna,84.83,2.35
TOBG_SP-222.fna,89.77,0.99
TOBG_SP-219.fna,97.86,2.99
TOBG_SP-218.fna,84.38,1.3
TOBG_SP-216.fna,82.77,0
TOBG_SP-215.fna,68,1.28
TOBG_SP-214.fna,52.53,0.8
TOBG_SP-213.fna,83.64,2.62
TOBG_SP-212.fna,59.33,1.6
TOBG_SP-211.fna,67.94,1.01
TOBG_SP-210.fna,77.16,1.6
TOBG_SP-21.fna,86.88,2.62
TOBG_SP-209.fna,74.13,0
TOBG_SP-208.fna,76.27,0.8
TOBG_SP-207.fna,67.2,0
TOBG_SP-206.fna,54.4,1.12
TOBG_SP-205.fna,62.17,0.43
TOBG_SP-204.fna,84.62,4.37
TOBG_SP-203.fna,81.88,4.94
TOBG_SP-202.fna,61.8,0.57
TOBG_SP-201.fna,85.58,0
TOBG_SP-200.fna,67.16,1.11
TOBG_SP-20.fna,99.5,4.29
TOBG_SP-2.fna,98.23,0.47
TOBG_SP-199.fna,73.67,1.97
TOBG_SP-198.fna,53.6,0.32
TOBG_SP-197.fna,98.91,3.76
TOBG_SP-195.fna,73.87,1.99
TOBG_SP-194.fna,97.28,6.32
TOBG_SP-193.fna,51.15,0
TOBG_SP-192.fna,52.44,0
TOBG_SP-190.fna,88.65,2.72
TOBG_SP-19.fna,95.16,0.02
TOBG_SP-189.fna,81.74,3.23
TOBG_SP-188.fna,94.63,1.19
TOBG_SP-187.fna,92.99,3.76
TOBG_SP-186.fna,98.94,2.08
TOBG_SP-185.fna,77.31,0
TOBG_SP-184.fna,95.45,9.09
TOBG_SP-183.fna,81.28,3.21
TOBG_SP-182.fna,95.96,0.34
TOBG_SP-181.fna,98.71,8.76
TOBG_SP-180.fna,99.57,1.63
TOBG_SP-18.fna,84.49,0
TOBG_SP-179.fna,89.61,0.82
TOBG_SP-178.fna,67.09,0
TOBG_SP-177.fna,81.81,0.77
TOBG_SP-176.fna,98.78,5.94
TOBG_SP-196.fna,89.77,0.2
TOBG_RS-826.fna,94.51,5.03
TOBG_RS-823.fna,68.54,4.8
TOBG_RS-822.fna,93.59,3.3
TOBG_RS-401.fna,70.74,1.6
TOBG_RS-400.fna,68.97,0
TOBG_RS-398.fna,99.86,7.06
TOBG_RS-397.fna,83.36,1.03
TOBG_RS-396.fna,56.18,0
TOBG_RS-395.fna,92.5,2.22
TOBG_RS-394.fna,71.95,0
TOBG_RS-392.fna,76.4,0.8
TOBG_RS-391.fna,84.62,2.99
TOBG_RS-390.fna,61.11,1.72
TOBG_RS-389.fna,90.01,2.81
TOBG_RS-388.fna,84.71,3.08
TOBG_RS-387.fna,82.91,4.02
TOBG_RS-386.fna,99.13,3.31
TOBG_RS-385.fna,50.93,0.99
TOBG_RS-384.fna,80.34,2.14
TOBG_RS-383.fna,90.77,4.44
TOBG_RS-382.fna,79.09,0.43
TOBG_RS-381.fna,76.84,0
TOBG_RS-380.fna,85.02,3.91
TOBG_RS-379.fna,58.92,0.68
TOBG_RS-378.fna,59.34,1.1
TOBG_RS-375.fna,65.07,0
TOBG_RS-374.fna,66.45,0.56
TOBG_RS-373.fna,85.55,2.3
TOBG_RS-372.fna,71.25,0.62
TOBG_RS-371.fna,84.16,3.17
TOBG_RS-370.fna,63.69,0
TOBG_RS-369.fna,57.08,1.65
TOBG_RS-368.fna,58.43,0
TOBG_RS-367.fna,99.48,6.31
TOBG_RS-366.fna,52.08,1.56
TOBG_RS-364.fna,96.09,1.96
TOBG_RS-363.fna,91.45,1.61
TOBG_RS-361.fna,98.26,3.74
TOBG_RS-360.fna,51.95,0
TOBG_RS-356.fna,52.28,0
TOBG_RS-355.fna,95.75,0.83
TOBG_RS-354.fna,68.24,1.6
TOBG_RS-352.fna,82.36,3.33
TOBG_RS-351.fna,61.45,0.97
TOBG_RS-350.fna,90.11,0
TOBG_RS-349.fna,86.75,2.99
TOBG_RS-348.fna,78.51,1.92
TOBG_RS-347.fna,64.24,1.94
TOBG_RS-345.fna,65.81,1.8
TOBG_RS-344.fna,76.4,0.68
TOBG_RS-343.fna,52.34,0.95
TOBG_RS-342.fna,98.99,0.89
TOBG_RS-341.fna,86.18,2.96
TOBG_RS-307.fna,52.14,4.7
TOBG_NP-998.fna,61.32,3.77
TOBG_NP-997.fna,93.01,5.38
TOBG_NP-996.fna,74.43,3.29
TOBG_NP-995.fna,57.11,2.91
TOBG_NP-993.fna,82.37,9.83
TOBG_NP-992.fna,79.84,4.73
TOBG_NP-990.fna,62.07,4.39
TOBG_NP-99.fna,97.22,1.11
TOBG_NP-989.fna,63.21,3.06
TOBG_NP-987.fna,72.35,2.15
TOBG_NP-986.fna,85.3,5.66
TOBG_NP-982.fna,71.86,2.27
TOBG_NP-981.fna,55.47,3.04
TOBG_NP-980.fna,70.76,3.1
TOBG_NP-98.fna,69.1,0.99
TOBG_NP-978.fna,56.06,2.97
TOBG_NP-977.fna,51.9,2.2
TOBG_NP-976.fna,58.27,4.53
TOBG_NP-975.fna,61.19,3.82
TOBG_NP-972.fna,69.96,2.97
TOBG_NP-970.fna,84.48,6.63
TOBG_NP-97.fna,88.72,4.45
TOBG_NP-969.fna,80.87,7.27
TOBG_NP-966.fna,90.48,7.12
TOBG_NP-965.fna,75,4.8
TOBG_NP-964.fna,81.94,5.74
TOBG_NP-962.fna,56.82,2.27
TOBG_NP-961.fna,59.74,2.41
TOBG_NP-960.fna,76.23,2.18
TOBG_NP-96.fna,75.78,1.02
TOBG_NP-959.fna,60.18,2.44
TOBG_NP-958.fna,58.45,3.76
TOBG_NP-956.fna,82.23,9.45
TOBG_NP-955.fna,78.99,3.43
TOBG_NP-954.fna,83.66,5.5
TOBG_NP-952.fna,85.61,5.01
TOBG_NP-951.fna,84.45,5.16
TOBG_NP-95.fna,92.65,0.63
TOBG_NP-949.fna,86.01,6.05
TOBG_NP-948.fna,78.94,2.81
TOBG_NP-945.fna,90.75,9.41
TOBG_NP-944.fna,80.22,5.08
TOBG_NP-943.fna,54.83,2.1
TOBG_NP-942.fna,87.79,6.93
TOBG_NP-941.fna,52,3.2
TOBG_NP-94.fna,91.71,0.93
TOBG_NP-939.fna,74.3,4.78
TOBG_NP-937.fna,71.34,2.99
TOBG_NP-936.fna,86.61,6.63
TOBG_NP-935.fna,56.87,3.47
TOBG_NP-932.fna,76.86,4.46
TOBG_NP-931.fna,86.39,9.24
TOBG_NP-93.fna,52.59,0.08
TOBG_NP-946.fna,73.19,4.93
TOBG_NP-92.fna,97.29,0.45
TOBG_NP-91.fna,87.93,4.04
TOBG_NP-90.fna,97.29,0.37
TOBG_NP-9.fna,96.71,1.63
TOBG_NP-89.fna,99.87,1.08
TOBG_NP-88.fna,50.99,1.1
TOBG_NP-87.fna,93.69,1.11
TOBG_NP-86.fna,91.7,1.18
TOBG_NP-85.fna,83.68,1.82
TOBG_NP-84.fna,69.2,0
TOBG_NP-83.fna,60.83,0.13
TOBG_NP-82.fna,50.28,0.57
TOBG_NP-81.fna,83.62,4.92
TOBG_NP-80.fna,89.74,0.85
TOBG_NP-8.fna,96.62,1.08
TOBG_NP-79.fna,86.59,1.83
TOBG_NP-78.fna,57.37,0.34
TOBG_NP-77.fna,92.99,3.31
TOBG_NP-76.fna,65.62,0.15
TOBG_NP-75.fna,98.64,1.36
TOBG_NP-74.fna,69.21,0.66
TOBG_NP-73.fna,70.27,0.8
TOBG_NP-72.fna,90.98,2.2
TOBG_NP-70.fna,62.25,0.93
TOBG_NP-7.fna,97.43,2.34
TOBG_NP-69.fna,88.44,2.4
TOBG_NP-68.fna,92.05,2.99
TOBG_NP-66.fna,61.38,0.02
TOBG_NP-65.fna,79.4,0
TOBG_NP-64.fna,83.52,3.55
TOBG_NP-63.fna,71.74,1.34
TOBG_NP-62.fna,55.49,0.31
TOBG_NP-61.fna,52.8,1.51
TOBG_NP-60.fna,98.28,4.47
TOBG_NP-6.fna,98.75,2.82
TOBG_NP-59.fna,82.3,3.27
TOBG_NP-58.fna,96.16,4.24
TOBG_NP-57.fna,90.98,4.7
TOBG_NP-56.fna,96.27,1.43
TOBG_NP-55.fna,82.95,4.4
TOBG_NP-54.fna,84.04,4.47
TOBG_NP-53.fna,78.09,0.57
TOBG_NP-52.fna,88.71,1.98
TOBG_NP-51.fna,84.32,1.22
TOBG_NP-50.fna,53.94,1.71
TOBG_NP-5.fna,96.27,4.39
TOBG_NP-49.fna,93.74,2.6
TOBG_NP-48.fna,65.47,2
TOBG_NP-47.fna,97.65,1.18
TOBG_NP-46.fna,56.45,1.59
TOBG_NP-45.fna,82.54,4.05
TOBG_NP-44.fna,71.87,1.5
TOBG_RS-465.fna,75.96,2.97
TOBG_RS-463.fna,53.17,4.95
TOBG_RS-462.fna,63.6,3.2
TOBG_RS-461.fna,64.46,4.9
TOBG_RS-460.fna,74.33,3.85
TOBG_RS-459.fna,53.78,3.46
TOBG_RS-458.fna,94.04,6.59
TOBG_RS-457.fna,59.25,3.06
TOBG_RS-455.fna,64.96,3.07
TOBG_RS-454.fna,77.13,2.56
TOBG_RS-453.fna,78.22,4.46
TOBG_RS-452.fna,69.87,4.05
TOBG_RS-451.fna,63.16,4.15
TOBG_RS-450.fna,53.23,2.45
TOBG_RS-448.fna,63.79,2.56
TOBG_RS-447.fna,73.48,2.14
TOBG_RS-446.fna,59.11,3.29
TOBG_RS-443.fna,66,4.29
TOBG_RS-442.fna,62.68,2.4
TOBG_RS-441.fna,54.52,4.14
TOBG_RS-440.fna,74.53,3.2
TOBG_RS-439.fna,79.51,2.15
TOBG_RS-438.fna,90.62,7.62
TOBG_RS-437.fna,53.49,3.67
TOBG_RS-435.fna,78.38,2.53
TOBG_RS-434.fna,92.47,6.99
TOBG_RS-433.fna,55.05,4.03
TOBG_RS-432.fna,70,4
TOBG_RS-431.fna,93.91,6.72
TOBG_RS-429.fna,59.01,2.3
TOBG_RS-428.fna,93.67,7.72
TOBG_RS-427.fna,53.36,1.72
TOBG_RS-426.fna,88.4,4.17
TOBG_RS-425.fna,53.89,1.08
TOBG_RS-424.fna,57.47,0.53
TOBG_RS-423.fna,95.46,6.45
TOBG_RS-422.fna,95.85,6.44
TOBG_RS-420.fna,90.35,0
TOBG_RS-418.fna,50.84,1.1
TOBG_RS-417.fna,63.84,1.87
TOBG_RS-415.fna,84.35,3.23
TOBG_RS-414.fna,55.17,0
TOBG_RS-413.fna,59.57,1.98
TOBG_RS-412.fna,77.33,1.91
TOBG_RS-411.fna,67.47,1.96
TOBG_RS-410.fna,56.2,1.52
TOBG_RS-409.fna,58.2,0.99
TOBG_RS-408.fna,94.12,1.47
TOBG_RS-407.fna,56.93,0.8
TOBG_RS-406.fna,80.93,1.6
TOBG_RS-405.fna,57.71,0.86
TOBG_RS-404.fna,83.03,1.26
TOBG_RS-403.fna,57.52,1.48
TOBG_RS-402.fna,77.06,0.29
TOBG_RS-821.fna,86.81,1.1
TOBG_RS-820.fna,92.05,0.99
TOBG_RS-819.fna,89.11,2.77
TOBG_RS-818.fna,51.87,4.95
TOBG_RS-817.fna,88.89,1.71
TOBG_RS-816.fna,75.44,4.4
TOBG_RS-815.fna,75.55,1.72
TOBG_RS-814.fna,74.56,2.74
TOBG_RS-813.fna,68.18,1.55
TOBG_RS-799.fna,54.31,3.45
TOBG_RS-797.fna,85.22,0.43
TOBG_RS-789.fna,54.95,1.16
TOBG_RS-726.fna,56.9,3.45
TOBG_RS-711.fna,50.01,3.3
TOBG_RS-697.fna,98.92,2.69
TOBG_RS-678.fna,83.18,1.87
TOBG_RS-668.fna,87.76,7.38
TOBG_RS-665.fna,70,0.91
TOBG_RS-659.fna,58.87,1.69
TOBG_RS-654.fna,71.87,3.14
TOBG_RS-648.fna,83.92,9.24
TOBG_RS-626.fna,77.53,1.85
TOBG_RS-615.fna,88.35,9.31
TOBG_RS-605.fna,58.27,1.6
TOBG_RS-604.fna,75.6,4.11
TOBG_RS-590.fna,68.58,2.17
TOBG_RS-582.fna,60.2,0.43
TOBG_RS-570.fna,53,4.72
TOBG_RS-562.fna,59.75,3.49
TOBG_RS-551.fna,50.25,4.34
TOBG_RS-533.fna,53.95,3.59
TOBG_RS-510.fna,69.5,4.95
TOBG_RS-508.fna,71.58,2.2
TOBG_RS-495.fna,50.66,1.64
TOBG_RS-481.fna,54.65,3.74
TOBG_RS-476.fna,68.69,0
TOBG_RS-474.fna,52.7,2.19
TOBG_RS-473.fna,50.87,4.31
TOBG_RS-472.fna,72,2.4
TOBG_RS-471.fna,53.13,2.56
TOBG_RS-470.fna,58.92,4.35
TOBG_RS-467.fna,74.54,3.98
TOBG_RS-466.fna,68.14,2.72
TOBG_NP-43.fna,99.63,9.8
TOBG_NP-41.fna,90.15,4.4
TOBG_NP-40.fna,98.79,2.52
TOBG_NP-4.fna,97.83,2.76
TOBG_NP-39.fna,98.7,7.62
TOBG_NP-38.fna,96,9.22
TOBG_NP-37.fna,89.43,3
TOBG_NP-36.fna,98.25,6.7
TOBG_NP-35.fna,56.38,0
TOBG_NP-34.fna,98.98,4.19
TOBG_NP-33.fna,96.55,5
TOBG_NP-32.fna,99.44,0.93
TOBG_NP-31.fna,56.9,0
TOBG_NP-30.fna,74.32,1.59
TOBG_NP-3.fna,66.71,0.75
TOBG_NP-29.fna,98.47,2.11
TOBG_NP-28.fna,95.34,0.05
TOBG_NP-27.fna,84.48,0.86
TOBG_NP-26.fna,98.06,0.6
TOBG_NP-24.fna,83.69,4.42
TOBG_NP-23.fna,96.62,2.7
TOBG_NP-22.fna,75.37,0
TOBG_NP-21.fna,90.37,1.67
TOBG_NP-20.fna,83.29,3.85
TOBG_NP-2.fna,99.32,2.23
TOBG_NP-19.fna,50.29,0
TOBG_NP-18.fna,75.33,0
TOBG_NP-17.fna,90.52,1.49
TOBG_NP-16.fna,90.64,0.67
TOBG_NP-156.fna,82.84,6.78
TOBG_NP-155.fna,65.13,4.33
TOBG_NP-153.fna,74.37,2.7
TOBG_NP-1521.fna,75.58,0.8
TOBG_NP-152.fna,65.18,4.4
TOBG_NP-151.fna,76.73,2.3
TOBG_NP-150.fna,80.34,6.04
TOBG_NP-15.fna,82.95,2.27
TOBG_NP-1496.fna,53.45,1.72
TOBG_NP-149.fna,55.96,2.8
TOBG_NP-148.fna,68.89,2.97
TOBG_NP-1472.fna,76.68,1.79
TOBG_NP-147.fna,50.74,0
TOBG_NP-1466.fna,59.11,0
TOBG_NP-1463.fna,75.27,1.65
TOBG_NP-146.fna,50.99,1.45
TOBG_NP-145.fna,50.32,0.97
TOBG_NP-1444.fna,83.86,3.15
TOBG_NP-144.fna,54.82,1.2
TOBG_NP-143.fna,50.15,0.43
TOBG_NP-142.fna,88.83,2.43
TOBG_NP-141.fna,59.14,1.1
TOBG_NP-1400.fna,65.06,0.36
TOBG_NP-140.fna,92.26,3.87
TOBG_NP-14.fna,54.22,0.84
TOBG_NP-1395.fna,97.44,3.85
TOBG_NP-1391.fna,74.38,1.71
TOBG_NP-139.fna,53.79,1.09
TOBG_NP-138.fna,87.46,3.3
TOBG_NP-1378.fna,64.83,4.62
TOBG_NP-137.fna,52.64,0
TOBG_NP-136.fna,61.82,1.82
TOBG_NP-135.fna,73.71,0
TOBG_NP-1344.fna,60.39,0.27
TOBG_NP-134.fna,58.12,1.42
TOBG_NP-133.fna,97.44,2.56
TOBG_NP-1321.fna,58.62,2.75
TOBG_NP-132.fna,97.69,0
TOBG_NP-1304.fna,60.88,3.15
TOBG_NP-1301.fna,50.73,1.47
TOBG_NP-130.fna,65.33,1.71
TOBG_NP-13.fna,97.03,2.04
TOBG_NP-1297.fna,58.09,2.97
TOBG_NP-1295.fna,55.55,3.27
TOBG_NP-129.fna,52.17,0
TOBG_NP-1285.fna,52.08,0.05
TOBG_NP-1282.fna,60.16,1.83
TOBG_NP-128.fna,51.59,1.11
TOBG_NP-1277.fna,74.68,0
TOBG_NP-1271.fna,51.65,4.4
TOBG_NP-126.fna,52.48,1.98
TOBG_NP-1256.fna,54.98,0.46
TOBG_NP-125.fna,96.62,9.37
TOBG_NP-124.fna,99.48,9.14
TOBG_NP-123.fna,68.88,1.07
TOBG_NP-122.fna,81.4,0.61
TOBG_NP-121.fna,53.59,0.38
TOBG_NP-1207.fna,54.59,0.44
TOBG_NP-1202.fna,63.85,4.38
TOBG_NP-120.fna,98.82,0
TOBG_NP-12.fna,86.14,4.65
TOBG_NP-119.fna,96.97,7.81
TOBG_NP-1180.fna,57.47,4.1
TOBG_NP-118.fna,65.82,0.74
TOBG_NP-1171.fna,54.93,4.27
TOBG_NP-117.fna,95.23,0.68
TOBG_NP-1160.fna,73.5,0
TOBG_NP-116.fna,65.6,0.84
TOBG_NP-1152.fna,56.9,3.45
TOBG_NP-115.fna,51.97,0.85
TOBG_NP-113.fna,96.46,4.84
TOBG_NP-1124.fna,59.19,2.57
TOBG_NP-112.fna,72.13,0.8
TOBG_NP-111.fna,60,0
TOBG_NP-1106.fna,51.18,0.43
TOBG_NP-110.fna,70.27,0.96
TOBG_NP-11.fna,100,9.51
TOBG_NP-1098.fna,52.88,3.41
TOBG_NP-109.fna,83.06,0
TOBG_NP-108.fna,55.76,0.8
TOBG_NP-1073.fna,53.78,1.82
TOBG_NP-1071.fna,62.84,0.93
TOBG_NP-1070.fna,79.08,1.78
TOBG_NP-107.fna,82.99,0.13
TOBG_NP-1069.fna,56.59,0
TOBG_NP-106.fna,77.6,2
TOBG_NP-1057.fna,60.34,1.72
TOBG_NP-1052.fna,87.28,2.42
TOBG_NP-1051.fna,71.38,4.65
TOBG_NP-105.fna,80.16,2.2
TOBG_NP-1048.fna,63.9,0.55
TOBG_NP-1046.fna,95.16,5.52
TOBG_NP-1044.fna,90.56,1.48
TOBG_NP-104.fna,87.64,3.13
TOBG_NP-1037.fna,61.91,2.35
TOBG_NP-1036.fna,66.62,2.58
TOBG_NP-1026.fna,67.17,3.42
TOBG_NP-101.fna,92.49,2.7
TOBG_NP-1001.fna,55.76,2.97
TOBG_NP-1000.fna,62.35,2.36
TOBG_NP-100.fna,98.91,0.59
TOBG_NP-10.fna,99.22,3.12
TOBG_NP-1.fna,80.47,3.66
TOBG_SP-99.fna,52.06,0
TOBG_SP-98.fna,88.52,4.96