genome,location,length
TOBG_ARS-1009.fna,/home/ubuntu/raw_genomes/TOBG_ARS-1009.fna,3161987
TOBG_ARS-1012.fna,/home/ubuntu/raw_genomes/TOBG_ARS-1012.fna,3364764
TOBG_ARS-1018.fna,/home/ubuntu/raw_genomes/TOBG_ARS-1018.fna,1897616
TOBG_ARS-1019.fna,/home/ubuntu/raw_genomes/TOBG_ARS-1019.fna,2260210
TOBG_ARS-102.fna,/home/ubuntu/raw_genomes/TOBG_ARS-102.fna,864511
TOBG_ARS-1030.fna,/home/ubuntu/raw_genomes/TOBG_ARS-1030.fna,2624467
TOBG_ARS-1032.fna,/home/ubuntu/raw_genomes/TOBG_ARS-1032.fna,4311850
TOBG_ARS-1034.fna,/home/ubuntu/raw_genomes/TOBG_ARS-1034.fna,1862734
TOBG_ARS-1036.fna,/home/ubuntu/raw_genomes/TOBG_ARS-1036.fna,2845516
TOBG_ARS-112.fna,/home/ubuntu/raw_genomes/TOBG_ARS-112.fna,3496537
TOBG_ARS-115.fna,/home/ubuntu/raw_genomes/TOBG_ARS-115.fna,2466433
TOBG_ARS-1168.fna,/home/ubuntu/raw_genomes/TOBG_ARS-1168.fna,1197590
TOBG_ARS-1176.fna,/home/ubuntu/raw_genomes/TOBG_ARS-1176.fna,962007
TOBG_ARS-1199.fna,/home/ubuntu/raw_genomes/TOBG_ARS-1199.fna,912474
TOBG_ARS-11.fna,/home/ubuntu/raw_genomes/TOBG_ARS-11.fna,2876821
TOBG_ARS-120.fna,/home/ubuntu/raw_genomes/TOBG_ARS-120.fna,6237844
TOBG_ARS-123.fna,/home/ubuntu/raw_genomes/TOBG_ARS-123.fna,1860870
TOBG_ARS-1279.fna,/home/ubuntu/raw_genomes/TOBG_ARS-1279.fna,2605961
TOBG_ARS-1330.fna,/home/ubuntu/raw_genomes/TOBG_ARS-1330.fna,1330181
TOBG_ARS-1358.fna,/home/ubuntu/raw_genomes/TOBG_ARS-1358.fna,666542
TOBG_ARS-1360.fna,/home/ubuntu/raw_genomes/TOBG_ARS-1360.fna,591505
TOBG_ARS-13.fna,/home/ubuntu/raw_genomes/TOBG_ARS-13.fna,3792666
TOBG_ARS-1426.fna,/home/ubuntu/raw_genomes/TOBG_ARS-1426.fna,1849034
TOBG_ARS-1434.fna,/home/ubuntu/raw_genomes/TOBG_ARS-1434.fna,5822363
TOBG_ARS-1441.fna,/home/ubuntu/raw_genomes/TOBG_ARS-1441.fna,857738
TOBG_ARS-15.fna,/home/ubuntu/raw_genomes/TOBG_ARS-15.fna,5071824
TOBG_ARS-16.fna,/home/ubuntu/raw_genomes/TOBG_ARS-16.fna,3159885
TOBG_ARS-17.fna,/home/ubuntu/raw_genomes/TOBG_ARS-17.fna,4716224
TOBG_ARS-18.fna,/home/ubuntu/raw_genomes/TOBG_ARS-18.fna,3711261
TOBG_ARS-1.fna,/home/ubuntu/raw_genomes/TOBG_ARS-1.fna,1300718
TOBG_ARS-24.fna,/home/ubuntu/raw_genomes/TOBG_ARS-24.fna,2473458
TOBG_ARS-27.fna,/home/ubuntu/raw_genomes/TOBG_ARS-27.fna,1570280
TOBG_ARS-28.fna,/home/ubuntu/raw_genomes/TOBG_ARS-28.fna,4406224
TOBG_ARS-29.fna,/home/ubuntu/raw_genomes/TOBG_ARS-29.fna,2266513
TOBG_ARS-30.fna,/home/ubuntu/raw_genomes/TOBG_ARS-30.fna,1842633
TOBG_ARS-31.fna,/home/ubuntu/raw_genomes/TOBG_ARS-31.fna,4285735
TOBG_ARS-33.fna,/home/ubuntu/raw_genomes/TOBG_ARS-33.fna,1970780
TOBG_ARS-34.fna,/home/ubuntu/raw_genomes/TOBG_ARS-34.fna,3475445
TOBG_ARS-38.fna,/home/ubuntu/raw_genomes/TOBG_ARS-38.fna,6172162
TOBG_ARS-3.fna,/home/ubuntu/raw_genomes/TOBG_ARS-3.fna,4499202
TOBG_ARS-40.fna,/home/ubuntu/raw_genomes/TOBG_ARS-40.fna,3949698
TOBG_ARS-42.fna,/home/ubuntu/raw_genomes/TOBG_ARS-42.fna,2344814
TOBG_ARS-45.fna,/home/ubuntu/raw_genomes/TOBG_ARS-45.fna,2895142
TOBG_ARS-46.fna,/home/ubuntu/raw_genomes/TOBG_ARS-46.fna,2797022
TOBG_ARS-4.fna,/home/ubuntu/raw_genomes/TOBG_ARS-4.fna,1794382
TOBG_ARS-51.fna,/home/ubuntu/raw_genomes/TOBG_ARS-51.fna,7646207
TOBG_ARS-59.fna,/home/ubuntu/raw_genomes/TOBG_ARS-59.fna,2557521
TOBG_ARS-5.fna,/home/ubuntu/raw_genomes/TOBG_ARS-5.fna,5608188
TOBG_ARS-60.fna,/home/ubuntu/raw_genomes/TOBG_ARS-60.fna,2201713
TOBG_ARS-61.fna,/home/ubuntu/raw_genomes/TOBG_ARS-61.fna,5339246
TOBG_ARS-62.fna,/home/ubuntu/raw_genomes/TOBG_ARS-62.fna,3172120
TOBG_ARS-63.fna,/home/ubuntu/raw_genomes/TOBG_ARS-63.fna,3573888
TOBG_ARS-65.fna,/home/ubuntu/raw_genomes/TOBG_ARS-65.fna,7803558
TOBG_ARS-66.fna,/home/ubuntu/raw_genomes/TOBG_ARS-66.fna,4881411
TOBG_ARS-67.fna,/home/ubuntu/raw_genomes/TOBG_ARS-67.fna,4278577
TOBG_ARS-68.fna,/home/ubuntu/raw_genomes/TOBG_ARS-68.fna,2822307
TOBG_ARS-70.fna,/home/ubuntu/raw_genomes/TOBG_ARS-70.fna,3078773
TOBG_ARS-71.fna,/home/ubuntu/raw_genomes/TOBG_ARS-71.fna,2375844
TOBG_ARS-75.fna,/home/ubuntu/raw_genomes/TOBG_ARS-75.fna,4267059
TOBG_ARS-76.fna,/home/ubuntu/raw_genomes/TOBG_ARS-76.fna,2161033
TOBG_ARS-7.fna,/home/ubuntu/raw_genomes/TOBG_ARS-7.fna,3736607
TOBG_ARS-81.fna,/home/ubuntu/raw_genomes/TOBG_ARS-81.fna,3504672
TOBG_ARS-86.fna,/home/ubuntu/raw_genomes/TOBG_ARS-86.fna,2099918
TOBG_ARS-90.fna,/home/ubuntu/raw_genomes/TOBG_ARS-90.fna,3375994
TOBG_ARS-93.fna,/home/ubuntu/raw_genomes/TOBG_ARS-93.fna,3480919
TOBG_ARS-95.fna,/home/ubuntu/raw_genomes/TOBG_ARS-95.fna,1653466
TOBG_CPC-11.fna,/home/ubuntu/raw_genomes/TOBG_CPC-11.fna,3618159
TOBG_CPC-1232.fna,/home/ubuntu/raw_genomes/TOBG_CPC-1232.fna,1764055
TOBG_CPC-12.fna,/home/ubuntu/raw_genomes/TOBG_CPC-12.fna,4461979
TOBG_CPC-1326.fna,/home/ubuntu/raw_genomes/TOBG_CPC-1326.fna,1661110
TOBG_CPC-1399.fna,/home/ubuntu/raw_genomes/TOBG_CPC-1399.fna,1895048
TOBG_CPC-13.fna,/home/ubuntu/raw_genomes/TOBG_CPC-13.fna,5031000
TOBG_CPC-14.fna,/home/ubuntu/raw_genomes/TOBG_CPC-14.fna,2765177
TOBG_CPC-17.fna,/home/ubuntu/raw_genomes/TOBG_CPC-17.fna,4947698
TOBG_CPC-19.fna,/home/ubuntu/raw_genomes/TOBG_CPC-19.fna,6558740
TOBG_CPC-1.fna,/home/ubuntu/raw_genomes/TOBG_CPC-1.fna,7287357
TOBG_CPC-20.fna,/home/ubuntu/raw_genomes/TOBG_CPC-20.fna,2506802
TOBG_CPC-21.fna,/home/ubuntu/raw_genomes/TOBG_CPC-21.fna,6500284
TOBG_CPC-23.fna,/home/ubuntu/raw_genomes/TOBG_CPC-23.fna,4535755
TOBG_CPC-24.fna,/home/ubuntu/raw_genomes/TOBG_CPC-24.fna,4047420
TOBG_CPC-25.fna,/home/ubuntu/raw_genomes/TOBG_CPC-25.fna,3437953
TOBG_CPC-27.fna,/home/ubuntu/raw_genomes/TOBG_CPC-27.fna,3496503
TOBG_CPC-288.fna,/home/ubuntu/raw_genomes/TOBG_CPC-288.fna,1980058
TOBG_CPC-289.fna,/home/ubuntu/raw_genomes/TOBG_CPC-289.fna,1073347
TOBG_CPC-28.fna,/home/ubuntu/raw_genomes/TOBG_CPC-28.fna,4126914
TOBG_CPC-294.fna,/home/ubuntu/raw_genomes/TOBG_CPC-294.fna,3874193
TOBG_CPC-296.fna,/home/ubuntu/raw_genomes/TOBG_CPC-296.fna,634247
TOBG_CPC-297.fna,/home/ubuntu/raw_genomes/TOBG_CPC-297.fna,2981401
TOBG_CPC-29.fna,/home/ubuntu/raw_genomes/TOBG_CPC-29.fna,1356679
TOBG_CPC-2.fna,/home/ubuntu/raw_genomes/TOBG_CPC-2.fna,4982846
TOBG_CPC-300.fna,/home/ubuntu/raw_genomes/TOBG_CPC-300.fna,2790782
TOBG_CPC-305.fna,/home/ubuntu/raw_genomes/TOBG_CPC-305.fna,2250599
TOBG_CPC-309.fna,/home/ubuntu/raw_genomes/TOBG_CPC-309.fna,2906968
TOBG_CPC-30.fna,/home/ubuntu/raw_genomes/TOBG_CPC-30.fna,1934576
TOBG_CPC-316.fna,/home/ubuntu/raw_genomes/TOBG_CPC-316.fna,3334233
TOBG_CPC-319.fna,/home/ubuntu/raw_genomes/TOBG_CPC-319.fna,2399081
TOBG_CPC-31.fna,/home/ubuntu/raw_genomes/TOBG_CPC-31.fna,7060560
TOBG_CPC-320.fna,/home/ubuntu/raw_genomes/TOBG_CPC-320.fna,3369777
TOBG_CPC-323.fna,/home/ubuntu/raw_genomes/TOBG_CPC-323.fna,1565616
TOBG_CPC-324.fna,/home/ubuntu/raw_genomes/TOBG_CPC-324.fna,4249882
TOBG_CPC-327.fna,/home/ubuntu/raw_genomes/TOBG_CPC-327.fna,3226856
TOBG_CPC-32.fna,/home/ubuntu/raw_genomes/TOBG_CPC-32.fna,3420632
TOBG_CPC-33.fna,/home/ubuntu/raw_genomes/TOBG_CPC-33.fna,2058035
TOBG_CPC-34.fna,/home/ubuntu/raw_genomes/TOBG_CPC-34.fna,3128815
TOBG_CPC-38.fna,/home/ubuntu/raw_genomes/TOBG_CPC-38.fna,5034057
TOBG_CPC-39.fna,/home/ubuntu/raw_genomes/TOBG_CPC-39.fna,3018114
TOBG_CPC-3.fna,/home/ubuntu/raw_genomes/TOBG_CPC-3.fna,3688905
TOBG_CPC-40.fna,/home/ubuntu/raw_genomes/TOBG_CPC-40.fna,5270755
TOBG_CPC-41.fna,/home/ubuntu/raw_genomes/TOBG_CPC-41.fna,3448277
TOBG_CPC-42.fna,/home/ubuntu/raw_genomes/TOBG_CPC-42.fna,4517664
TOBG_CPC-43.fna,/home/ubuntu/raw_genomes/TOBG_CPC-43.fna,4682359
TOBG_CPC-45.fna,/home/ubuntu/raw_genomes/TOBG_CPC-45.fna,3599540
TOBG_CPC-46.fna,/home/ubuntu/raw_genomes/TOBG_CPC-46.fna,2968318
TOBG_CPC-47.fna,/home/ubuntu/raw_genomes/TOBG_CPC-47.fna,2113371
TOBG_CPC-48.fna,/home/ubuntu/raw_genomes/TOBG_CPC-48.fna,4321600
TOBG_CPC-49.fna,/home/ubuntu/raw_genomes/TOBG_CPC-49.fna,3385270
TOBG_CPC-50.fna,/home/ubuntu/raw_genomes/TOBG_CPC-50.fna,3119870
TOBG_CPC-51.fna,/home/ubuntu/raw_genomes/TOBG_CPC-51.fna,5396125
TOBG_CPC-52.fna,/home/ubuntu/raw_genomes/TOBG_CPC-52.fna,3486621
TOBG_CPC-53.fna,/home/ubuntu/raw_genomes/TOBG_CPC-53.fna,3638156
TOBG_CPC-54.fna,/home/ubuntu/raw_genomes/TOBG_CPC-54.fna,2564067
TOBG_CPC-58.fna,/home/ubuntu/raw_genomes/TOBG_CPC-58.fna,2908243
TOBG_CPC-59.fna,/home/ubuntu/raw_genomes/TOBG_CPC-59.fna,2233492
TOBG_CPC-5.fna,/home/ubuntu/raw_genomes/TOBG_CPC-5.fna,3343779
TOBG_CPC-61.fna,/home/ubuntu/raw_genomes/TOBG_CPC-61.fna,3163279
TOBG_CPC-62.fna,/home/ubuntu/raw_genomes/TOBG_CPC-62.fna,3794800
TOBG_CPC-64.fna,/home/ubuntu/raw_genomes/TOBG_CPC-64.fna,3164348
TOBG_CPC-67.fna,/home/ubuntu/raw_genomes/TOBG_CPC-67.fna,3073893
TOBG_CPC-69.fna,/home/ubuntu/raw_genomes/TOBG_CPC-69.fna,4462782
TOBG_CPC-6.fna,/home/ubuntu/raw_genomes/TOBG_CPC-6.fna,4062975
TOBG_CPC-70.fna,/home/ubuntu/raw_genomes/TOBG_CPC-70.fna,3401895
TOBG_CPC-71.fna,/home/ubuntu/raw_genomes/TOBG_CPC-71.fna,6275017
TOBG_CPC-72.fna,/home/ubuntu/raw_genomes/TOBG_CPC-72.fna,3724617
TOBG_CPC-73.fna,/home/ubuntu/raw_genomes/TOBG_CPC-73.fna,2059111
TOBG_CPC-75.fna,/home/ubuntu/raw_genomes/TOBG_CPC-75.fna,2236758
TOBG_CPC-79.fna,/home/ubuntu/raw_genomes/TOBG_CPC-79.fna,4078500
TOBG_CPC-7.fna,/home/ubuntu/raw_genomes/TOBG_CPC-7.fna,3563707
TOBG_CPC-80.fna,/home/ubuntu/raw_genomes/TOBG_CPC-80.fna,2153521
TOBG_CPC-81.fna,/home/ubuntu/raw_genomes/TOBG_CPC-81.fna,2579736
TOBG_CPC-82.fna,/home/ubuntu/raw_genomes/TOBG_CPC-82.fna,3778117
TOBG_CPC-85.fna,/home/ubuntu/raw_genomes/TOBG_CPC-85.fna,3593470
TOBG_CPC-86.fna,/home/ubuntu/raw_genomes/TOBG_CPC-86.fna,2903787
TOBG_CPC-8.fna,/home/ubuntu/raw_genomes/TOBG_CPC-8.fna,4656670
TOBG_CPC-95.fna,/home/ubuntu/raw_genomes/TOBG_CPC-95.fna,4033935
TOBG_CPC-96.fna,/home/ubuntu/raw_genomes/TOBG_CPC-96.fna,3080694
TOBG_CPC-97.fna,/home/ubuntu/raw_genomes/TOBG_CPC-97.fna,1654937
TOBG_CPC-98.fna,/home/ubuntu/raw_genomes/TOBG_CPC-98.fna,3481067
TOBG_CPC-9.fna,/home/ubuntu/raw_genomes/TOBG_CPC-9.fna,5071512
TOBG_EAC-102.fna,/home/ubuntu/raw_genomes/TOBG_EAC-102.fna,3184730
TOBG_EAC-103.fna,/home/ubuntu/raw_genomes/TOBG_EAC-103.fna,3030934
TOBG_EAC-107.fna,/home/ubuntu/raw_genomes/TOBG_EAC-107.fna,1931312
TOBG_EAC-108.fna,/home/ubuntu/raw_genomes/TOBG_EAC-108.fna,2742892
TOBG_EAC-109.fna,/home/ubuntu/raw_genomes/TOBG_EAC-109.fna,3020166
TOBG_EAC-10.fna,/home/ubuntu/raw_genomes/TOBG_EAC-10.fna,1337577
TOBG_EAC-117.fna,/home/ubuntu/raw_genomes/TOBG_EAC-117.fna,1528360
TOBG_EAC-11.fna,/home/ubuntu/raw_genomes/TOBG_EAC-11.fna,2026489
TOBG_EAC-13.fna,/home/ubuntu/raw_genomes/TOBG_EAC-13.fna,1493998
TOBG_EAC-16.fna,/home/ubuntu/raw_genomes/TOBG_EAC-16.fna,3073791
TOBG_EAC-1785.fna,/home/ubuntu/raw_genomes/TOBG_EAC-1785.fna,1302788
TOBG_EAC-17.fna,/home/ubuntu/raw_genomes/TOBG_EAC-17.fna,5225131
TOBG_EAC-1.fna,/home/ubuntu/raw_genomes/TOBG_EAC-1.fna,2456834
TOBG_EAC-2011.fna,/home/ubuntu/raw_genomes/TOBG_EAC-2011.fna,1305449
TOBG_EAC-2021.fna,/home/ubuntu/raw_genomes/TOBG_EAC-2021.fna,2076448
TOBG_EAC-20.fna,/home/ubuntu/raw_genomes/TOBG_EAC-20.fna,3306714
TOBG_EAC-21.fna,/home/ubuntu/raw_genomes/TOBG_EAC-21.fna,4314506
TOBG_EAC-24.fna,/home/ubuntu/raw_genomes/TOBG_EAC-24.fna,2307206
TOBG_EAC-27.fna,/home/ubuntu/raw_genomes/TOBG_EAC-27.fna,3748112
TOBG_EAC-29.fna,/home/ubuntu/raw_genomes/TOBG_EAC-29.fna,3743789
TOBG_EAC-2.fna,/home/ubuntu/raw_genomes/TOBG_EAC-2.fna,2784619
TOBG_EAC-30.fna,/home/ubuntu/raw_genomes/TOBG_EAC-30.fna,1713667
TOBG_EAC-31.fna,/home/ubuntu/raw_genomes/TOBG_EAC-31.fna,2300656
TOBG_EAC-32.fna,/home/ubuntu/raw_genomes/TOBG_EAC-32.fna,1872651
TOBG_EAC-33.fna,/home/ubuntu/raw_genomes/TOBG_EAC-33.fna,1788455
TOBG_EAC-34.fna,/home/ubuntu/raw_genomes/TOBG_EAC-34.fna,1456460
TOBG_EAC-35.fna,/home/ubuntu/raw_genomes/TOBG_EAC-35.fna,2296944
TOBG_EAC-36.fna,/home/ubuntu/raw_genomes/TOBG_EAC-36.fna,3778710
TOBG_EAC-37.fna,/home/ubuntu/raw_genomes/TOBG_EAC-37.fna,3728455
TOBG_EAC-39.fna,/home/ubuntu/raw_genomes/TOBG_EAC-39.fna,5353011
TOBG_EAC-3.fna,/home/ubuntu/raw_genomes/TOBG_EAC-3.fna,5124647
TOBG_EAC-41.fna,/home/ubuntu/raw_genomes/TOBG_EAC-41.fna,4077124
TOBG_EAC-42.fna,/home/ubuntu/raw_genomes/TOBG_EAC-42.fna,3827229
TOBG_EAC-43.fna,/home/ubuntu/raw_genomes/TOBG_EAC-43.fna,6799140
TOBG_EAC-45.fna,/home/ubuntu/raw_genomes/TOBG_EAC-45.fna,4388938
TOBG_EAC-46.fna,/home/ubuntu/raw_genomes/TOBG_EAC-46.fna,2576643
TOBG_EAC-47.fna,/home/ubuntu/raw_genomes/TOBG_EAC-47.fna,3745012
TOBG_EAC-48.fna,/home/ubuntu/raw_genomes/TOBG_EAC-48.fna,3221579
TOBG_EAC-49.fna,/home/ubuntu/raw_genomes/TOBG_EAC-49.fna,3923695
TOBG_EAC-4.fna,/home/ubuntu/raw_genomes/TOBG_EAC-4.fna,4297994
TOBG_EAC-50.fna,/home/ubuntu/raw_genomes/TOBG_EAC-50.fna,4027594
TOBG_EAC-51.fna,/home/ubuntu/raw_genomes/TOBG_EAC-51.fna,2296379
TOBG_EAC-52.fna,/home/ubuntu/raw_genomes/TOBG_EAC-52.fna,3965636
TOBG_EAC-55.fna,/home/ubuntu/raw_genomes/TOBG_EAC-55.fna,2890195
TOBG_EAC-56.fna,/home/ubuntu/raw_genomes/TOBG_EAC-56.fna,3938918
TOBG_EAC-58.fna,/home/ubuntu/raw_genomes/TOBG_EAC-58.fna,3750272
TOBG_EAC-5.fna,/home/ubuntu/raw_genomes/TOBG_EAC-5.fna,3240288
TOBG_EAC-60.fna,/home/ubuntu/raw_genomes/TOBG_EAC-60.fna,4818477
TOBG_EAC-623.fna,/home/ubuntu/raw_genomes/TOBG_EAC-623.fna,2532963
TOBG_EAC-624.fna,/home/ubuntu/raw_genomes/TOBG_EAC-624.fna,1523529
TOBG_EAC-625.fna,/home/ubuntu/raw_genomes/TOBG_EAC-625.fna,2648575
TOBG_EAC-627.fna,/home/ubuntu/raw_genomes/TOBG_EAC-627.fna,2898758
TOBG_EAC-62.fna,/home/ubuntu/raw_genomes/TOBG_EAC-62.fna,3895818
TOBG_EAC-631.fna,/home/ubuntu/raw_genomes/TOBG_EAC-631.fna,3358813
TOBG_EAC-632.fna,/home/ubuntu/raw_genomes/TOBG_EAC-632.fna,3539278
TOBG_EAC-634.fna,/home/ubuntu/raw_genomes/TOBG_EAC-634.fna,3166550
TOBG_EAC-635.fna,/home/ubuntu/raw_genomes/TOBG_EAC-635.fna,2387925
TOBG_EAC-63.fna,/home/ubuntu/raw_genomes/TOBG_EAC-63.fna,4678045
TOBG_EAC-645.fna,/home/ubuntu/raw_genomes/TOBG_EAC-645.fna,3555310
TOBG_EAC-646.fna,/home/ubuntu/raw_genomes/TOBG_EAC-646.fna,3394999
TOBG_EAC-647.fna,/home/ubuntu/raw_genomes/TOBG_EAC-647.fna,3116840
TOBG_EAC-649.fna,/home/ubuntu/raw_genomes/TOBG_EAC-649.fna,1356014
TOBG_EAC-650.fna,/home/ubuntu/raw_genomes/TOBG_EAC-650.fna,1848353
TOBG_EAC-654.fna,/home/ubuntu/raw_genomes/TOBG_EAC-654.fna,3573524
TOBG_EAC-657.fna,/home/ubuntu/raw_genomes/TOBG_EAC-657.fna,2189188
TOBG_EAC-65.fna,/home/ubuntu/raw_genomes/TOBG_EAC-65.fna,2147286
TOBG_EAC-662.fna,/home/ubuntu/raw_genomes/TOBG_EAC-662.fna,4048905
TOBG_EAC-66.fna,/home/ubuntu/raw_genomes/TOBG_EAC-66.fna,4356736
TOBG_EAC-670.fna,/home/ubuntu/raw_genomes/TOBG_EAC-670.fna,3260754
TOBG_EAC-673.fna,/home/ubuntu/raw_genomes/TOBG_EAC-673.fna,3137342
TOBG_EAC-676.fna,/home/ubuntu/raw_genomes/TOBG_EAC-676.fna,1700100
TOBG_EAC-682.fna,/home/ubuntu/raw_genomes/TOBG_EAC-682.fna,1784541
TOBG_EAC-683.fna,/home/ubuntu/raw_genomes/TOBG_EAC-683.fna,5582452
TOBG_EAC-68.fna,/home/ubuntu/raw_genomes/TOBG_EAC-68.fna,3289833
TOBG_EAC-695.fna,/home/ubuntu/raw_genomes/TOBG_EAC-695.fna,3058097
TOBG_EAC-69.fna,/home/ubuntu/raw_genomes/TOBG_EAC-69.fna,4344709
TOBG_EAC-6.fna,/home/ubuntu/raw_genomes/TOBG_EAC-6.fna,3302700
TOBG_EAC-707.fna,/home/ubuntu/raw_genomes/TOBG_EAC-707.fna,2734821
TOBG_EAC-710.fna,/home/ubuntu/raw_genomes/TOBG_EAC-710.fna,1830345
TOBG_EAC-713.fna,/home/ubuntu/raw_genomes/TOBG_EAC-713.fna,3008567
TOBG_EAC-714.fna,/home/ubuntu/raw_genomes/TOBG_EAC-714.fna,1179781
TOBG_EAC-71.fna,/home/ubuntu/raw_genomes/TOBG_EAC-71.fna,4959295
TOBG_EAC-723.fna,/home/ubuntu/raw_genomes/TOBG_EAC-723.fna,1528303
TOBG_EAC-73.fna,/home/ubuntu/raw_genomes/TOBG_EAC-73.fna,4682890
TOBG_EAC-74.fna,/home/ubuntu/raw_genomes/TOBG_EAC-74.fna,4460847
TOBG_EAC-75.fna,/home/ubuntu/raw_genomes/TOBG_EAC-75.fna,2141569
TOBG_EAC-76.fna,/home/ubuntu/raw_genomes/TOBG_EAC-76.fna,4265341
TOBG_EAC-77.fna,/home/ubuntu/raw_genomes/TOBG_EAC-77.fna,3422461
TOBG_EAC-78.fna,/home/ubuntu/raw_genomes/TOBG_EAC-78.fna,2133106
TOBG_EAC-81.fna,/home/ubuntu/raw_genomes/TOBG_EAC-81.fna,3412852
TOBG_EAC-83.fna,/home/ubuntu/raw_genomes/TOBG_EAC-83.fna,1191907
TOBG_EAC-85.fna,/home/ubuntu/raw_genomes/TOBG_EAC-85.fna,3684756
TOBG_EAC-86.fna,/home/ubuntu/raw_genomes/TOBG_EAC-86.fna,2369296
TOBG_EAC-87.fna,/home/ubuntu/raw_genomes/TOBG_EAC-87.fna,5569343
TOBG_EAC-88.fna,/home/ubuntu/raw_genomes/TOBG_EAC-88.fna,2860686
TOBG_EAC-91.fna,/home/ubuntu/raw_genomes/TOBG_EAC-91.fna,4781580
TOBG_EAC-92.fna,/home/ubuntu/raw_genomes/TOBG_EAC-92.fna,3752386
TOBG_EAC-93.fna,/home/ubuntu/raw_genomes/TOBG_EAC-93.fna,2850945
TOBG_EAC-94.fna,/home/ubuntu/raw_genomes/TOBG_EAC-94.fna,3800706
TOBG_EAC-95.fna,/home/ubuntu/raw_genomes/TOBG_EAC-95.fna,2990433
TOBG_EAC-97.fna,/home/ubuntu/raw_genomes/TOBG_EAC-97.fna,2112212
TOBG_EAC-98.fna,/home/ubuntu/raw_genomes/TOBG_EAC-98.fna,4023093
TOBG_EAC-99.fna,/home/ubuntu/raw_genomes/TOBG_EAC-99.fna,1028458
TOBG_EAC-9.fna,/home/ubuntu/raw_genomes/TOBG_EAC-9.fna,2727227
TOBG_IN-1077.fna,/home/ubuntu/raw_genomes/TOBG_IN-1077.fna,1935680
TOBG_IN-10.fna,/home/ubuntu/raw_genomes/TOBG_IN-10.fna,3953385
TOBG_IN-11.fna,/home/ubuntu/raw_genomes/TOBG_IN-11.fna,5809545
TOBG_IN-1213.fna,/home/ubuntu/raw_genomes/TOBG_IN-1213.fna,1920553
TOBG_IN-12.fna,/home/ubuntu/raw_genomes/TOBG_IN-12.fna,3065870
TOBG_IN-1311.fna,/home/ubuntu/raw_genomes/TOBG_IN-1311.fna,2592032
TOBG_IN-13.fna,/home/ubuntu/raw_genomes/TOBG_IN-13.fna,4878186
TOBG_IN-14.fna,/home/ubuntu/raw_genomes/TOBG_IN-14.fna,4072573
TOBG_IN-15.fna,/home/ubuntu/raw_genomes/TOBG_IN-15.fna,2745037
TOBG_IN-16.fna,/home/ubuntu/raw_genomes/TOBG_IN-16.fna,2855862
TOBG_IN-17.fna,/home/ubuntu/raw_genomes/TOBG_IN-17.fna,3240799
TOBG_IN-18.fna,/home/ubuntu/raw_genomes/TOBG_IN-18.fna,4458856
TOBG_IN-19.fna,/home/ubuntu/raw_genomes/TOBG_IN-19.fna,4539979
TOBG_IN-1.fna,/home/ubuntu/raw_genomes/TOBG_IN-1.fna,3834435
TOBG_IN-20.fna,/home/ubuntu/raw_genomes/TOBG_IN-20.fna,3227423
TOBG_IN-21.fna,/home/ubuntu/raw_genomes/TOBG_IN-21.fna,3599778
TOBG_IN-22.fna,/home/ubuntu/raw_genomes/TOBG_IN-22.fna,2725312
TOBG_IN-23.fna,/home/ubuntu/raw_genomes/TOBG_IN-23.fna,3576760
TOBG_IN-25.fna,/home/ubuntu/raw_genomes/TOBG_IN-25.fna,2931884
TOBG_IN-28.fna,/home/ubuntu/raw_genomes/TOBG_IN-28.fna,3890003
TOBG_IN-29.fna,/home/ubuntu/raw_genomes/TOBG_IN-29.fna,3333257
TOBG_IN-2.fna,/home/ubuntu/raw_genomes/TOBG_IN-2.fna,4041355
TOBG_IN-32.fna,/home/ubuntu/raw_genomes/TOBG_IN-32.fna,3934638
TOBG_IN-35.fna,/home/ubuntu/raw_genomes/TOBG_IN-35.fna,1984466
TOBG_IN-3.fna,/home/ubuntu/raw_genomes/TOBG_IN-3.fna,3810898
TOBG_IN-40.fna,/home/ubuntu/raw_genomes/TOBG_IN-40.fna,2046638
TOBG_IN-42.fna,/home/ubuntu/raw_genomes/TOBG_IN-42.fna,2564331
TOBG_IN-43.fna,/home/ubuntu/raw_genomes/TOBG_IN-43.fna,1937213
TOBG_IN-47.fna,/home/ubuntu/raw_genomes/TOBG_IN-47.fna,2211714
TOBG_IN-48.fna,/home/ubuntu/raw_genomes/TOBG_IN-48.fna,2881995
TOBG_IN-5.fna,/home/ubuntu/raw_genomes/TOBG_IN-5.fna,3129546
TOBG_IN-6.fna,/home/ubuntu/raw_genomes/TOBG_IN-6.fna,5207492
TOBG_IN-7.fna,/home/ubuntu/raw_genomes/TOBG_IN-7.fna,4654070
TOBG_IN-8.fna,/home/ubuntu/raw_genomes/TOBG_IN-8.fna,4158998
TOBG_IN-921.fna,/home/ubuntu/raw_genomes/TOBG_IN-921.fna,2381509
TOBG_IN-924.fna,/home/ubuntu/raw_genomes/TOBG_IN-924.fna,1977255
TOBG_IN-928.fna,/home/ubuntu/raw_genomes/TOBG_IN-928.fna,3042430
TOBG_IN-9.fna,/home/ubuntu/raw_genomes/TOBG_IN-9.fna,3250345
TOBG_MED-1001.fna,/home/ubuntu/raw_genomes/TOBG_MED-1001.fna,1517519
TOBG_MED-1008.fna,/home/ubuntu/raw_genomes/TOBG_MED-1008.fna,1858573
TOBG_MED-1017.fna,/home/ubuntu/raw_genomes/TOBG_MED-1017.fna,1110878
TOBG_MED-1076.fna,/home/ubuntu/raw_genomes/TOBG_MED-1076.fna,1524237
TOBG_MED-1093.fna,/home/ubuntu/raw_genomes/TOBG_MED-1093.fna,2110723
TOBG_MED-1094.fna,/home/ubuntu/raw_genomes/TOBG_MED-1094.fna,1650114
TOBG_MED-1105.fna,/home/ubuntu/raw_genomes/TOBG_MED-1105.fna,1861616
TOBG_MED-1116.fna,/home/ubuntu/raw_genomes/TOBG_MED-1116.fna,870948
TOBG_MED-1122.fna,/home/ubuntu/raw_genomes/TOBG_MED-1122.fna,3636569
TOBG_MED-1153.fna,/home/ubuntu/raw_genomes/TOBG_MED-1153.fna,1024810
TOBG_MED-1155.fna,/home/ubuntu/raw_genomes/TOBG_MED-1155.fna,1910504
TOBG_MED-1190.fna,/home/ubuntu/raw_genomes/TOBG_MED-1190.fna,1861042
TOBG_MED-1227.fna,/home/ubuntu/raw_genomes/TOBG_MED-1227.fna,2077567
TOBG_MED-1233.fna,/home/ubuntu/raw_genomes/TOBG_MED-1233.fna,1883303
TOBG_MED-1247.fna,/home/ubuntu/raw_genomes/TOBG_MED-1247.fna,1292711
TOBG_MED-1261.fna,/home/ubuntu/raw_genomes/TOBG_MED-1261.fna,1324308
TOBG_MED-1269.fna,/home/ubuntu/raw_genomes/TOBG_MED-1269.fna,1932114
TOBG_MED-580.fna,/home/ubuntu/raw_genomes/TOBG_MED-580.fna,4534432
TOBG_MED-581.fna,/home/ubuntu/raw_genomes/TOBG_MED-581.fna,2357711
TOBG_MED-582.fna,/home/ubuntu/raw_genomes/TOBG_MED-582.fna,1971941
TOBG_MED-585.fna,/home/ubuntu/raw_genomes/TOBG_MED-585.fna,2035001
TOBG_MED-587.fna,/home/ubuntu/raw_genomes/TOBG_MED-587.fna,3619760
TOBG_MED-588.fna,/home/ubuntu/raw_genomes/TOBG_MED-588.fna,4336285
TOBG_MED-589.fna,/home/ubuntu/raw_genomes/TOBG_MED-589.fna,2909735
TOBG_MED-590.fna,/home/ubuntu/raw_genomes/TOBG_MED-590.fna,2560327
TOBG_MED-591.fna,/home/ubuntu/raw_genomes/TOBG_MED-591.fna,1543911
TOBG_MED-592.fna,/home/ubuntu/raw_genomes/TOBG_MED-592.fna,3852236
TOBG_MED-593.fna,/home/ubuntu/raw_genomes/TOBG_MED-593.fna,1567035
TOBG_MED-594.fna,/home/ubuntu/raw_genomes/TOBG_MED-594.fna,2500777
TOBG_MED-595.fna,/home/ubuntu/raw_genomes/TOBG_MED-595.fna,2124773
TOBG_MED-596.fna,/home/ubuntu/raw_genomes/TOBG_MED-596.fna,1820433
TOBG_MED-597.fna,/home/ubuntu/raw_genomes/TOBG_MED-597.fna,3119853
TOBG_MED-598.fna,/home/ubuntu/raw_genomes/TOBG_MED-598.fna,1438732
TOBG_MED-599.fna,/home/ubuntu/raw_genomes/TOBG_MED-599.fna,4811953
TOBG_MED-601.fna,/home/ubuntu/raw_genomes/TOBG_MED-601.fna,7173301
TOBG_MED-602.fna,/home/ubuntu/raw_genomes/TOBG_MED-602.fna,1879045
TOBG_MED-603.fna,/home/ubuntu/raw_genomes/TOBG_MED-603.fna,2098250
TOBG_MED-604.fna,/home/ubuntu/raw_genomes/TOBG_MED-604.fna,2479522
TOBG_MED-605.fna,/home/ubuntu/raw_genomes/TOBG_MED-605.fna,1605601
TOBG_MED-608.fna,/home/ubuntu/raw_genomes/TOBG_MED-608.fna,2883302
TOBG_MED-609.fna,/home/ubuntu/raw_genomes/TOBG_MED-609.fna,2954804
TOBG_MED-610.fna,/home/ubuntu/raw_genomes/TOBG_MED-610.fna,3904643
TOBG_MED-611.fna,/home/ubuntu/raw_genomes/TOBG_MED-611.fna,2063334
TOBG_MED-614.fna,/home/ubuntu/raw_genomes/TOBG_MED-614.fna,1903688
TOBG_MED-615.fna,/home/ubuntu/raw_genomes/TOBG_MED-615.fna,1657217
TOBG_MED-616.fna,/home/ubuntu/raw_genomes/TOBG_MED-616.fna,2163699
TOBG_MED-617.fna,/home/ubuntu/raw_genomes/TOBG_MED-617.fna,1380858
TOBG_MED-619.fna,/home/ubuntu/raw_genomes/TOBG_MED-619.fna,1616686
TOBG_MED-620.fna,/home/ubuntu/raw_genomes/TOBG_MED-620.fna,2975145
TOBG_MED-621.fna,/home/ubuntu/raw_genomes/TOBG_MED-621.fna,2236066
TOBG_MED-622.fna,/home/ubuntu/raw_genomes/TOBG_MED-622.fna,2609325
TOBG_MED-623.fna,/home/ubuntu/raw_genomes/TOBG_MED-623.fna,2493169
TOBG_MED-624.fna,/home/ubuntu/raw_genomes/TOBG_MED-624.fna,3706908
TOBG_MED-626.fna,/home/ubuntu/raw_genomes/TOBG_MED-626.fna,1193441
TOBG_MED-629.fna,/home/ubuntu/raw_genomes/TOBG_MED-629.fna,3666716
TOBG_MED-630.fna,/home/ubuntu/raw_genomes/TOBG_MED-630.fna,1285346
TOBG_MED-632.fna,/home/ubuntu/raw_genomes/TOBG_MED-632.fna,2948245
TOBG_MED-633.fna,/home/ubuntu/raw_genomes/TOBG_MED-633.fna,3500593
TOBG_MED-635.fna,/home/ubuntu/raw_genomes/TOBG_MED-635.fna,2720828
TOBG_MED-636.fna,/home/ubuntu/raw_genomes/TOBG_MED-636.fna,2959024
TOBG_MED-637.fna,/home/ubuntu/raw_genomes/TOBG_MED-637.fna,2045228
TOBG_MED-641.fna,/home/ubuntu/raw_genomes/TOBG_MED-641.fna,1402833
TOBG_MED-643.fna,/home/ubuntu/raw_genomes/TOBG_MED-643.fna,3851942
TOBG_MED-645.fna,/home/ubuntu/raw_genomes/TOBG_MED-645.fna,1455472
TOBG_MED-648.fna,/home/ubuntu/raw_genomes/TOBG_MED-648.fna,2229105
TOBG_MED-649.fna,/home/ubuntu/raw_genomes/TOBG_MED-649.fna,1361524
TOBG_MED-650.fna,/home/ubuntu/raw_genomes/TOBG_MED-650.fna,1803804
TOBG_MED-651.fna,/home/ubuntu/raw_genomes/TOBG_MED-651.fna,1682645
TOBG_MED-652.fna,/home/ubuntu/raw_genomes/TOBG_MED-652.fna,1685264
TOBG_MED-653.fna,/home/ubuntu/raw_genomes/TOBG_MED-653.fna,3491745
TOBG_MED-654.fna,/home/ubuntu/raw_genomes/TOBG_MED-654.fna,1936805
TOBG_MED-655.fna,/home/ubuntu/raw_genomes/TOBG_MED-655.fna,3265334
TOBG_MED-657.fna,/home/ubuntu/raw_genomes/TOBG_MED-657.fna,2028597
TOBG_MED-659.fna,/home/ubuntu/raw_genomes/TOBG_MED-659.fna,4226476
TOBG_MED-660.fna,/home/ubuntu/raw_genomes/TOBG_MED-660.fna,4558888
TOBG_MED-661.fna,/home/ubuntu/raw_genomes/TOBG_MED-661.fna,7093371
TOBG_MED-665.fna,/home/ubuntu/raw_genomes/TOBG_MED-665.fna,4964254
TOBG_MED-666.fna,/home/ubuntu/raw_genomes/TOBG_MED-666.fna,1633593
TOBG_MED-667.fna,/home/ubuntu/raw_genomes/TOBG_MED-667.fna,1711098
TOBG_MED-668.fna,/home/ubuntu/raw_genomes/TOBG_MED-668.fna,4366947
TOBG_MED-671.fna,/home/ubuntu/raw_genomes/TOBG_MED-671.fna,3309648
TOBG_MED-672.fna,/home/ubuntu/raw_genomes/TOBG_MED-672.fna,4043459
TOBG_MED-673.fna,/home/ubuntu/raw_genomes/TOBG_MED-673.fna,2353118
TOBG_MED-674.fna,/home/ubuntu/raw_genomes/TOBG_MED-674.fna,3481335
TOBG_MED-676.fna,/home/ubuntu/raw_genomes/TOBG_MED-676.fna,2009952
TOBG_MED-677.fna,/home/ubuntu/raw_genomes/TOBG_MED-677.fna,1857346
TOBG_MED-682.fna,/home/ubuntu/raw_genomes/TOBG_MED-682.fna,2597858
TOBG_MED-689.fna,/home/ubuntu/raw_genomes/TOBG_MED-689.fna,1356840
TOBG_MED-690.fna,/home/ubuntu/raw_genomes/TOBG_MED-690.fna,2419185
TOBG_MED-692.fna,/home/ubuntu/raw_genomes/TOBG_MED-692.fna,2388848
TOBG_MED-694.fna,/home/ubuntu/raw_genomes/TOBG_MED-694.fna,1611850
TOBG_MED-695.fna,/home/ubuntu/raw_genomes/TOBG_MED-695.fna,2846697
TOBG_MED-697.fna,/home/ubuntu/raw_genomes/TOBG_MED-697.fna,7781614
TOBG_MED-698.fna,/home/ubuntu/raw_genomes/TOBG_MED-698.fna,3208409
TOBG_MED-702.fna,/home/ubuntu/raw_genomes/TOBG_MED-702.fna,3141579
TOBG_MED-703.fna,/home/ubuntu/raw_genomes/TOBG_MED-703.fna,1937263
TOBG_MED-704.fna,/home/ubuntu/raw_genomes/TOBG_MED-704.fna,1381658
TOBG_MED-707.fna,/home/ubuntu/raw_genomes/TOBG_MED-707.fna,1679080
TOBG_MED-708.fna,/home/ubuntu/raw_genomes/TOBG_MED-708.fna,3470013
TOBG_MED-712.fna,/home/ubuntu/raw_genomes/TOBG_MED-712.fna,1570915
TOBG_MED-713.fna,/home/ubuntu/raw_genomes/TOBG_MED-713.fna,1041846
TOBG_MED-715.fna,/home/ubuntu/raw_genomes/TOBG_MED-715.fna,1307145
TOBG_MED-716.fna,/home/ubuntu/raw_genomes/TOBG_MED-716.fna,3026532
TOBG_MED-717.fna,/home/ubuntu/raw_genomes/TOBG_MED-717.fna,1636955
TOBG_MED-718.fna,/home/ubuntu/raw_genomes/TOBG_MED-718.fna,1023051
TOBG_MED-719.fna,/home/ubuntu/raw_genomes/TOBG_MED-719.fna,4083318
TOBG_MED-721.fna,/home/ubuntu/raw_genomes/TOBG_MED-721.fna,1717845
TOBG_MED-728.fna,/home/ubuntu/raw_genomes/TOBG_MED-728.fna,5163516
TOBG_MED-729.fna,/home/ubuntu/raw_genomes/TOBG_MED-729.fna,1538660
TOBG_MED-730.fna,/home/ubuntu/raw_genomes/TOBG_MED-730.fna,1478775
TOBG_MED-731.fna,/home/ubuntu/raw_genomes/TOBG_MED-731.fna,1095174
TOBG_MED-732.fna,/home/ubuntu/raw_genomes/TOBG_MED-732.fna,1594489
TOBG_MED-733.fna,/home/ubuntu/raw_genomes/TOBG_MED-733.fna,2274919
TOBG_MED-734.fna,/home/ubuntu/raw_genomes/TOBG_MED-734.fna,2592778
TOBG_MED-735.fna,/home/ubuntu/raw_genomes/TOBG_MED-735.fna,2242875
TOBG_MED-736.fna,/home/ubuntu/raw_genomes/TOBG_MED-736.fna,2247865
TOBG_MED-738.fna,/home/ubuntu/raw_genomes/TOBG_MED-738.fna,1807295
TOBG_MED-739.fna,/home/ubuntu/raw_genomes/TOBG_MED-739.fna,1312757
TOBG_MED-740.fna,/home/ubuntu/raw_genomes/TOBG_MED-740.fna,945636
TOBG_MED-741.fna,/home/ubuntu/raw_genomes/TOBG_MED-741.fna,2312040
TOBG_MED-743.fna,/home/ubuntu/raw_genomes/TOBG_MED-743.fna,1937646
TOBG_MED-744.fna,/home/ubuntu/raw_genomes/TOBG_MED-744.fna,2374511
TOBG_MED-745.fna,/home/ubuntu/raw_genomes/TOBG_MED-745.fna,3122797
TOBG_MED-746.fna,/home/ubuntu/raw_genomes/TOBG_MED-746.fna,1674183
TOBG_MED-747.fna,/home/ubuntu/raw_genomes/TOBG_MED-747.fna,1627873
TOBG_MED-748.fna,/home/ubuntu/raw_genomes/TOBG_MED-748.fna,2062232
TOBG_MED-752.fna,/home/ubuntu/raw_genomes/TOBG_MED-752.fna,2544706
TOBG_MED-753.fna,/home/ubuntu/raw_genomes/TOBG_MED-753.fna,1158543
TOBG_MED-756.fna,/home/ubuntu/raw_genomes/TOBG_MED-756.fna,2996585
TOBG_MED-757.fna,/home/ubuntu/raw_genomes/TOBG_MED-757.fna,1950198
TOBG_MED-759.fna,/home/ubuntu/raw_genomes/TOBG_MED-759.fna,1788781
TOBG_MED-762.fna,/home/ubuntu/raw_genomes/TOBG_MED-762.fna,1880399
TOBG_MED-763.fna,/home/ubuntu/raw_genomes/TOBG_MED-763.fna,2111841
TOBG_MED-765.fna,/home/ubuntu/raw_genomes/TOBG_MED-765.fna,1989739
TOBG_MED-766.fna,/home/ubuntu/raw_genomes/TOBG_MED-766.fna,1607840
TOBG_MED-768.fna,/home/ubuntu/raw_genomes/TOBG_MED-768.fna,1666962
TOBG_MED-769.fna,/home/ubuntu/raw_genomes/TOBG_MED-769.fna,1263754
TOBG_MED-777.fna,/home/ubuntu/raw_genomes/TOBG_MED-777.fna,2033632
TOBG_MED-778.fna,/home/ubuntu/raw_genomes/TOBG_MED-778.fna,1433382
TOBG_MED-779.fna,/home/ubuntu/raw_genomes/TOBG_MED-779.fna,1565810
TOBG_MED-783.fna,/home/ubuntu/raw_genomes/TOBG_MED-783.fna,1730807
TOBG_MED-792.fna,/home/ubuntu/raw_genomes/TOBG_MED-792.fna,2165014
TOBG_MED-796.fna,/home/ubuntu/raw_genomes/TOBG_MED-796.fna,2205922
TOBG_MED-797.fna,/home/ubuntu/raw_genomes/TOBG_MED-797.fna,2604406
TOBG_MED-803.fna,/home/ubuntu/raw_genomes/TOBG_MED-803.fna,2200859
TOBG_MED-806.fna,/home/ubuntu/raw_genomes/TOBG_MED-806.fna,2656395
TOBG_MED-809.fna,/home/ubuntu/raw_genomes/TOBG_MED-809.fna,1647829
TOBG_MED-810.fna,/home/ubuntu/raw_genomes/TOBG_MED-810.fna,2909769
TOBG_MED-813.fna,/home/ubuntu/raw_genomes/TOBG_MED-813.fna,1445825
TOBG_MED-814.fna,/home/ubuntu/raw_genomes/TOBG_MED-814.fna,1967603
TOBG_MED-815.fna,/home/ubuntu/raw_genomes/TOBG_MED-815.fna,3392130
TOBG_MED-818.fna,/home/ubuntu/raw_genomes/TOBG_MED-818.fna,1393000
TOBG_MED-820.fna,/home/ubuntu/raw_genomes/TOBG_MED-820.fna,2062951
TOBG_MED-825.fna,/home/ubuntu/raw_genomes/TOBG_MED-825.fna,2606596
TOBG_MED-827.fna,/home/ubuntu/raw_genomes/TOBG_MED-827.fna,857302
TOBG_MED-828.fna,/home/ubuntu/raw_genomes/TOBG_MED-828.fna,2136873
TOBG_MED-829.fna,/home/ubuntu/raw_genomes/TOBG_MED-829.fna,1579447
TOBG_MED-830.fna,/home/ubuntu/raw_genomes/TOBG_MED-830.fna,1952626
TOBG_MED-831.fna,/home/ubuntu/raw_genomes/TOBG_MED-831.fna,1822500
TOBG_MED-834.fna,/home/ubuntu/raw_genomes/TOBG_MED-834.fna,2324977
TOBG_MED-835.fna,/home/ubuntu/raw_genomes/TOBG_MED-835.fna,1770030
TOBG_MED-837.fna,/home/ubuntu/raw_genomes/TOBG_MED-837.fna,1827968
TOBG_MED-841.fna,/home/ubuntu/raw_genomes/TOBG_MED-841.fna,1388011
TOBG_MED-850.fna,/home/ubuntu/raw_genomes/TOBG_MED-850.fna,1935913
TOBG_MED-853.fna,/home/ubuntu/raw_genomes/TOBG_MED-853.fna,2352348
TOBG_MED-856.fna,/home/ubuntu/raw_genomes/TOBG_MED-856.fna,1796199
TOBG_MED-861.fna,/home/ubuntu/raw_genomes/TOBG_MED-861.fna,2696486
TOBG_MED-878.fna,/home/ubuntu/raw_genomes/TOBG_MED-878.fna,1463536
TOBG_MED-879.fna,/home/ubuntu/raw_genomes/TOBG_MED-879.fna,1564032
TOBG_MED-880.fna,/home/ubuntu/raw_genomes/TOBG_MED-880.fna,1730803
TOBG_MED-899.fna,/home/ubuntu/raw_genomes/TOBG_MED-899.fna,1938004
TOBG_MED-921.fna,/home/ubuntu/raw_genomes/TOBG_MED-921.fna,2053674
TOBG_MED-928.fna,/home/ubuntu/raw_genomes/TOBG_MED-928.fna,3796047
TOBG_MED-955.fna,/home/ubuntu/raw_genomes/TOBG_MED-955.fna,1488172
TOBG_MED-965.fna,/home/ubuntu/raw_genomes/TOBG_MED-965.fna,1877216
TOBG_MED-972.fna,/home/ubuntu/raw_genomes/TOBG_MED-972.fna,1747143
TOBG_NAT-100.fna,/home/ubuntu/raw_genomes/TOBG_NAT-100.fna,2116609
TOBG_NAT-101.fna,/home/ubuntu/raw_genomes/TOBG_NAT-101.fna,2262322
TOBG_NAT-102.fna,/home/ubuntu/raw_genomes/TOBG_NAT-102.fna,2119383
TOBG_NAT-108.fna,/home/ubuntu/raw_genomes/TOBG_NAT-108.fna,2444895
TOBG_NAT-109.fna,/home/ubuntu/raw_genomes/TOBG_NAT-109.fna,2285316
TOBG_NAT-10.fna,/home/ubuntu/raw_genomes/TOBG_NAT-10.fna,5328004
TOBG_NAT-111.fna,/home/ubuntu/raw_genomes/TOBG_NAT-111.fna,4466321
TOBG_NAT-113.fna,/home/ubuntu/raw_genomes/TOBG_NAT-113.fna,2986825
TOBG_NAT-116.fna,/home/ubuntu/raw_genomes/TOBG_NAT-116.fna,2732343
TOBG_NAT-117.fna,/home/ubuntu/raw_genomes/TOBG_NAT-117.fna,6701443
TOBG_NAT-118.fna,/home/ubuntu/raw_genomes/TOBG_NAT-118.fna,1381496
TOBG_NAT-11.fna,/home/ubuntu/raw_genomes/TOBG_NAT-11.fna,1912832
TOBG_NAT-121.fna,/home/ubuntu/raw_genomes/TOBG_NAT-121.fna,5201423
TOBG_NAT-123.fna,/home/ubuntu/raw_genomes/TOBG_NAT-123.fna,8054069
TOBG_NAT-124.fna,/home/ubuntu/raw_genomes/TOBG_NAT-124.fna,5885093
TOBG_NAT-125.fna,/home/ubuntu/raw_genomes/TOBG_NAT-125.fna,2897896
TOBG_NAT-127.fna,/home/ubuntu/raw_genomes/TOBG_NAT-127.fna,3562751
TOBG_NAT-129.fna,/home/ubuntu/raw_genomes/TOBG_NAT-129.fna,3876462
TOBG_NAT-12.fna,/home/ubuntu/raw_genomes/TOBG_NAT-12.fna,1327887
TOBG_NAT-130.fna,/home/ubuntu/raw_genomes/TOBG_NAT-130.fna,7415867
TOBG_NAT-131.fna,/home/ubuntu/raw_genomes/TOBG_NAT-131.fna,9253999
TOBG_NAT-133.fna,/home/ubuntu/raw_genomes/TOBG_NAT-133.fna,4832204
TOBG_NAT-134.fna,/home/ubuntu/raw_genomes/TOBG_NAT-134.fna,4231110
TOBG_NAT-136.fna,/home/ubuntu/raw_genomes/TOBG_NAT-136.fna,1451470
TOBG_NAT-137.fna,/home/ubuntu/raw_genomes/TOBG_NAT-137.fna,1906463
TOBG_NAT-138.fna,/home/ubuntu/raw_genomes/TOBG_NAT-138.fna,2400453
TOBG_NAT-139.fna,/home/ubuntu/raw_genomes/TOBG_NAT-139.fna,1426581
TOBG_NAT-13.fna,/home/ubuntu/raw_genomes/TOBG_NAT-13.fna,1567482
TOBG_NAT-141.fna,/home/ubuntu/raw_genomes/TOBG_NAT-141.fna,1886490
TOBG_NAT-143.fna,/home/ubuntu/raw_genomes/TOBG_NAT-143.fna,2084737
TOBG_NAT-145.fna,/home/ubuntu/raw_genomes/TOBG_NAT-145.fna,1822408
TOBG_NAT-146.fna,/home/ubuntu/raw_genomes/TOBG_NAT-146.fna,1453069
TOBG_NAT-149.fna,/home/ubuntu/raw_genomes/TOBG_NAT-149.fna,3172060
TOBG_NAT-14.fna,/home/ubuntu/raw_genomes/TOBG_NAT-14.fna,5424119
TOBG_NAT-154.fna,/home/ubuntu/raw_genomes/TOBG_NAT-154.fna,1978883
TOBG_NAT-155.fna,/home/ubuntu/raw_genomes/TOBG_NAT-155.fna,7208190
TOBG_NAT-157.fna,/home/ubuntu/raw_genomes/TOBG_NAT-157.fna,2516899
TOBG_NAT-158.fna,/home/ubuntu/raw_genomes/TOBG_NAT-158.fna,2399875
TOBG_NAT-15.fna,/home/ubuntu/raw_genomes/TOBG_NAT-15.fna,4854596
TOBG_NAT-161.fna,/home/ubuntu/raw_genomes/TOBG_NAT-161.fna,1865845
TOBG_NAT-163.fna,/home/ubuntu/raw_genomes/TOBG_NAT-163.fna,1705009
TOBG_NAT-165.fna,/home/ubuntu/raw_genomes/TOBG_NAT-165.fna,2509760
TOBG_NAT-166.fna,/home/ubuntu/raw_genomes/TOBG_NAT-166.fna,2275521
TOBG_NAT-167.fna,/home/ubuntu/raw_genomes/TOBG_NAT-167.fna,5859138
TOBG_NAT-168.fna,/home/ubuntu/raw_genomes/TOBG_NAT-168.fna,981568
TOBG_NAT-169.fna,/home/ubuntu/raw_genomes/TOBG_NAT-169.fna,5354704
TOBG_NAT-16.fna,/home/ubuntu/raw_genomes/TOBG_NAT-16.fna,3518857
TOBG_NAT-170.fna,/home/ubuntu/raw_genomes/TOBG_NAT-170.fna,3856903
TOBG_NAT-172.fna,/home/ubuntu/raw_genomes/TOBG_NAT-172.fna,1222601
TOBG_NAT-173.fna,/home/ubuntu/raw_genomes/TOBG_NAT-173.fna,5621037
TOBG_NAT-175.fna,/home/ubuntu/raw_genomes/TOBG_NAT-175.fna,1822488
TOBG_NAT-176.fna,/home/ubuntu/raw_genomes/TOBG_NAT-176.fna,4034638
TOBG_NAT-178.fna,/home/ubuntu/raw_genomes/TOBG_NAT-178.fna,2818849
TOBG_NAT-179.fna,/home/ubuntu/raw_genomes/TOBG_NAT-179.fna,1691798
TOBG_NAT-17.fna,/home/ubuntu/raw_genomes/TOBG_NAT-17.fna,3558106
TOBG_NAT-181.fna,/home/ubuntu/raw_genomes/TOBG_NAT-181.fna,2975687
TOBG_NAT-182.fna,/home/ubuntu/raw_genomes/TOBG_NAT-182.fna,1335253
TOBG_NAT-185.fna,/home/ubuntu/raw_genomes/TOBG_NAT-185.fna,2240152
TOBG_NAT-187.fna,/home/ubuntu/raw_genomes/TOBG_NAT-187.fna,2450038
TOBG_NAT-188.fna,/home/ubuntu/raw_genomes/TOBG_NAT-188.fna,2540084
TOBG_NAT-18.fna,/home/ubuntu/raw_genomes/TOBG_NAT-18.fna,1975315
TOBG_NAT-190.fna,/home/ubuntu/raw_genomes/TOBG_NAT-190.fna,1277955
TOBG_NAT-197.fna,/home/ubuntu/raw_genomes/TOBG_NAT-197.fna,1986386
TOBG_NAT-198.fna,/home/ubuntu/raw_genomes/TOBG_NAT-198.fna,1664743
TOBG_NAT-19.fna,/home/ubuntu/raw_genomes/TOBG_NAT-19.fna,3853292
TOBG_NAT-1.fna,/home/ubuntu/raw_genomes/TOBG_NAT-1.fna,6421894
TOBG_NAT-200.fna,/home/ubuntu/raw_genomes/TOBG_NAT-200.fna,1120682
TOBG_NAT-201.fna,/home/ubuntu/raw_genomes/TOBG_NAT-201.fna,2847930
TOBG_NAT-203.fna,/home/ubuntu/raw_genomes/TOBG_NAT-203.fna,1988880
TOBG_NAT-205.fna,/home/ubuntu/raw_genomes/TOBG_NAT-205.fna,1748467
TOBG_NAT-206.fna,/home/ubuntu/raw_genomes/TOBG_NAT-206.fna,2234547
TOBG_NAT-209.fna,/home/ubuntu/raw_genomes/TOBG_NAT-209.fna,2449438
TOBG_NAT-20.fna,/home/ubuntu/raw_genomes/TOBG_NAT-20.fna,4884171
TOBG_NAT-210.fna,/home/ubuntu/raw_genomes/TOBG_NAT-210.fna,4372514
TOBG_NAT-212.fna,/home/ubuntu/raw_genomes/TOBG_NAT-212.fna,3540613
TOBG_NAT-217.fna,/home/ubuntu/raw_genomes/TOBG_NAT-217.fna,1625503
TOBG_NAT-21.fna,/home/ubuntu/raw_genomes/TOBG_NAT-21.fna,4497611
TOBG_NAT-220.fna,/home/ubuntu/raw_genomes/TOBG_NAT-220.fna,1669566
TOBG_NAT-221.fna,/home/ubuntu/raw_genomes/TOBG_NAT-221.fna,1832975
TOBG_NAT-224.fna,/home/ubuntu/raw_genomes/TOBG_NAT-224.fna,1642075
TOBG_NAT-225.fna,/home/ubuntu/raw_genomes/TOBG_NAT-225.fna,3305258
TOBG_NAT-22.fna,/home/ubuntu/raw_genomes/TOBG_NAT-22.fna,6416023
TOBG_NAT-231.fna,/home/ubuntu/raw_genomes/TOBG_NAT-231.fna,1487626
TOBG_NAT-236.fna,/home/ubuntu/raw_genomes/TOBG_NAT-236.fna,2206263
TOBG_NAT-237.fna,/home/ubuntu/raw_genomes/TOBG_NAT-237.fna,1886450
TOBG_NAT-238.fna,/home/ubuntu/raw_genomes/TOBG_NAT-238.fna,1887577
TOBG_NAT-239.fna,/home/ubuntu/raw_genomes/TOBG_NAT-239.fna,4357178
TOBG_NAT-23.fna,/home/ubuntu/raw_genomes/TOBG_NAT-23.fna,7015219
TOBG_NAT-241.fna,/home/ubuntu/raw_genomes/TOBG_NAT-241.fna,2045060
TOBG_NAT-248.fna,/home/ubuntu/raw_genomes/TOBG_NAT-248.fna,1767573
TOBG_NAT-252.fna,/home/ubuntu/raw_genomes/TOBG_NAT-252.fna,1443025
TOBG_NAT-253.fna,/home/ubuntu/raw_genomes/TOBG_NAT-253.fna,4316983
TOBG_NAT-255.fna,/home/ubuntu/raw_genomes/TOBG_NAT-255.fna,1962157
TOBG_NAT-258.fna,/home/ubuntu/raw_genomes/TOBG_NAT-258.fna,3468250
TOBG_NAT-259.fna,/home/ubuntu/raw_genomes/TOBG_NAT-259.fna,1757702
TOBG_NAT-271.fna,/home/ubuntu/raw_genomes/TOBG_NAT-271.fna,1098716
TOBG_NAT-272.fna,/home/ubuntu/raw_genomes/TOBG_NAT-272.fna,1175504
TOBG_NAT-276.fna,/home/ubuntu/raw_genomes/TOBG_NAT-276.fna,3539946
TOBG_NAT-280.fna,/home/ubuntu/raw_genomes/TOBG_NAT-280.fna,1882490
TOBG_NAT-282.fna,/home/ubuntu/raw_genomes/TOBG_NAT-282.fna,3009707
TOBG_NAT-284.fna,/home/ubuntu/raw_genomes/TOBG_NAT-284.fna,2500049
TOBG_NAT-288.fna,/home/ubuntu/raw_genomes/TOBG_NAT-288.fna,1673240
TOBG_NAT-28.fna,/home/ubuntu/raw_genomes/TOBG_NAT-28.fna,3972912
TOBG_NAT-290.fna,/home/ubuntu/raw_genomes/TOBG_NAT-290.fna,6768311
TOBG_NAT-291.fna,/home/ubuntu/raw_genomes/TOBG_NAT-291.fna,4326382
TOBG_NAT-2.fna,/home/ubuntu/raw_genomes/TOBG_NAT-2.fna,3709474
TOBG_NAT-30.fna,/home/ubuntu/raw_genomes/TOBG_NAT-30.fna,4946673
TOBG_NAT-32.fna,/home/ubuntu/raw_genomes/TOBG_NAT-32.fna,4783185
TOBG_NAT-33.fna,/home/ubuntu/raw_genomes/TOBG_NAT-33.fna,5201795
TOBG_NAT-39.fna,/home/ubuntu/raw_genomes/TOBG_NAT-39.fna,2742929
TOBG_NAT-3.fna,/home/ubuntu/raw_genomes/TOBG_NAT-3.fna,5696658
TOBG_NAT-40.fna,/home/ubuntu/raw_genomes/TOBG_NAT-40.fna,2213321
TOBG_NAT-417.fna,/home/ubuntu/raw_genomes/TOBG_NAT-417.fna,1342886
TOBG_NAT-41.fna,/home/ubuntu/raw_genomes/TOBG_NAT-41.fna,2332376
TOBG_NAT-422.fna,/home/ubuntu/raw_genomes/TOBG_NAT-422.fna,1823245
TOBG_NAT-430.fna,/home/ubuntu/raw_genomes/TOBG_NAT-430.fna,938298
TOBG_NAT-43.fna,/home/ubuntu/raw_genomes/TOBG_NAT-43.fna,2074215
TOBG_NAT-45.fna,/home/ubuntu/raw_genomes/TOBG_NAT-45.fna,1664267
TOBG_NAT-46.fna,/home/ubuntu/raw_genomes/TOBG_NAT-46.fna,3044101
TOBG_NAT-4.fna,/home/ubuntu/raw_genomes/TOBG_NAT-4.fna,4895318
TOBG_NAT-509.fna,/home/ubuntu/raw_genomes/TOBG_NAT-509.fna,1056808
TOBG_NAT-510.fna,/home/ubuntu/raw_genomes/TOBG_NAT-510.fna,1008374
TOBG_NAT-52.fna,/home/ubuntu/raw_genomes/TOBG_NAT-52.fna,1937208
TOBG_NAT-535.fna,/home/ubuntu/raw_genomes/TOBG_NAT-535.fna,1565414
TOBG_NAT-53.fna,/home/ubuntu/raw_genomes/TOBG_NAT-53.fna,1031667
TOBG_NAT-55.fna,/home/ubuntu/raw_genomes/TOBG_NAT-55.fna,1976846
TOBG_NAT-575.fna,/home/ubuntu/raw_genomes/TOBG_NAT-575.fna,2095193
TOBG_NAT-5.fna,/home/ubuntu/raw_genomes/TOBG_NAT-5.fna,3199630
TOBG_NAT-60.fna,/home/ubuntu/raw_genomes/TOBG_NAT-60.fna,2558605
TOBG_NAT-61.fna,/home/ubuntu/raw_genomes/TOBG_NAT-61.fna,7804056
TOBG_NAT-62.fna,/home/ubuntu/raw_genomes/TOBG_NAT-62.fna,1450177
TOBG_NAT-64.fna,/home/ubuntu/raw_genomes/TOBG_NAT-64.fna,4245982
TOBG_NAT-66.fna,/home/ubuntu/raw_genomes/TOBG_NAT-66.fna,2860664
TOBG_NAT-67.fna,/home/ubuntu/raw_genomes/TOBG_NAT-67.fna,3698377
TOBG_NAT-686.fna,/home/ubuntu/raw_genomes/TOBG_NAT-686.fna,2810321
TOBG_NAT-68.fna,/home/ubuntu/raw_genomes/TOBG_NAT-68.fna,2089406
TOBG_NAT-69.fna,/home/ubuntu/raw_genomes/TOBG_NAT-69.fna,4890980
TOBG_NAT-6.fna,/home/ubuntu/raw_genomes/TOBG_NAT-6.fna,4968344
TOBG_NAT-70.fna,/home/ubuntu/raw_genomes/TOBG_NAT-70.fna,3000427
TOBG_NAT-71.fna,/home/ubuntu/raw_genomes/TOBG_NAT-71.fna,2633695
TOBG_NAT-72.fna,/home/ubuntu/raw_genomes/TOBG_NAT-72.fna,2115656
TOBG_NAT-74.fna,/home/ubuntu/raw_genomes/TOBG_NAT-74.fna,1525208
TOBG_NAT-75.fna,/home/ubuntu/raw_genomes/TOBG_NAT-75.fna,3443367
TOBG_NAT-79.fna,/home/ubuntu/raw_genomes/TOBG_NAT-79.fna,4242771
TOBG_NAT-7.fna,/home/ubuntu/raw_genomes/TOBG_NAT-7.fna,5306035
TOBG_NAT-81.fna,/home/ubuntu/raw_genomes/TOBG_NAT-81.fna,4167474
TOBG_NAT-82.fna,/home/ubuntu/raw_genomes/TOBG_NAT-82.fna,4114335
TOBG_NAT-84.fna,/home/ubuntu/raw_genomes/TOBG_NAT-84.fna,3981448
TOBG_NAT-85.fna,/home/ubuntu/raw_genomes/TOBG_NAT-85.fna,3683509
TOBG_NAT-88.fna,/home/ubuntu/raw_genomes/TOBG_NAT-88.fna,1545239
TOBG_NAT-89.fna,/home/ubuntu/raw_genomes/TOBG_NAT-89.fna,3485647
TOBG_NAT-8.fna,/home/ubuntu/raw_genomes/TOBG_NAT-8.fna,8196304
TOBG_NAT-90.fna,/home/ubuntu/raw_genomes/TOBG_NAT-90.fna,1516047
TOBG_NAT-91.fna,/home/ubuntu/raw_genomes/TOBG_NAT-91.fna,2915406
TOBG_NAT-92.fna,/home/ubuntu/raw_genomes/TOBG_NAT-92.fna,3898638
TOBG_NAT-94.fna,/home/ubuntu/raw_genomes/TOBG_NAT-94.fna,6175078
TOBG_NAT-96.fna,/home/ubuntu/raw_genomes/TOBG_NAT-96.fna,1781012
TOBG_NAT-9.fna,/home/ubuntu/raw_genomes/TOBG_NAT-9.fna,3388107
TOBG_NP-100.fna,/home/ubuntu/raw_genomes/TOBG_NP-100.fna,3622316
TOBG_NP-101.fna,/home/ubuntu/raw_genomes/TOBG_NP-101.fna,1450038
TOBG_NP-103.fna,/home/ubuntu/raw_genomes/TOBG_NP-103.fna,3506299
TOBG_NP-1044.fna,/home/ubuntu/raw_genomes/TOBG_NP-1044.fna,3470383
TOBG_NP-1046.fna,/home/ubuntu/raw_genomes/TOBG_NP-1046.fna,1925050
TOBG_NP-104.fna,/home/ubuntu/raw_genomes/TOBG_NP-104.fna,1552910
TOBG_NP-1052.fna,/home/ubuntu/raw_genomes/TOBG_NP-1052.fna,2351321
TOBG_NP-105.fna,/home/ubuntu/raw_genomes/TOBG_NP-105.fna,2160153
TOBG_NP-106.fna,/home/ubuntu/raw_genomes/TOBG_NP-106.fna,1008017
TOBG_NP-1070.fna,/home/ubuntu/raw_genomes/TOBG_NP-1070.fna,1373961
TOBG_NP-107.fna,/home/ubuntu/raw_genomes/TOBG_NP-107.fna,2149549
TOBG_NP-109.fna,/home/ubuntu/raw_genomes/TOBG_NP-109.fna,6202743
TOBG_NP-10.fna,/home/ubuntu/raw_genomes/TOBG_NP-10.fna,4132734
TOBG_NP-113.fna,/home/ubuntu/raw_genomes/TOBG_NP-113.fna,4545880
TOBG_NP-117.fna,/home/ubuntu/raw_genomes/TOBG_NP-117.fna,3847701
TOBG_NP-119.fna,/home/ubuntu/raw_genomes/TOBG_NP-119.fna,10752934
TOBG_NP-11.fna,/home/ubuntu/raw_genomes/TOBG_NP-11.fna,3839618
TOBG_NP-120.fna,/home/ubuntu/raw_genomes/TOBG_NP-120.fna,4866126
TOBG_NP-122.fna,/home/ubuntu/raw_genomes/TOBG_NP-122.fna,2512104
TOBG_NP-124.fna,/home/ubuntu/raw_genomes/TOBG_NP-124.fna,7414436
TOBG_NP-125.fna,/home/ubuntu/raw_genomes/TOBG_NP-125.fna,3859599
TOBG_NP-127.fna,/home/ubuntu/raw_genomes/TOBG_NP-127.fna,3428059
TOBG_NP-12.fna,/home/ubuntu/raw_genomes/TOBG_NP-12.fna,3934693
TOBG_NP-132.fna,/home/ubuntu/raw_genomes/TOBG_NP-132.fna,2568346
TOBG_NP-133.fna,/home/ubuntu/raw_genomes/TOBG_NP-133.fna,3311738
TOBG_NP-138.fna,/home/ubuntu/raw_genomes/TOBG_NP-138.fna,2194155
TOBG_NP-1395.fna,/home/ubuntu/raw_genomes/TOBG_NP-1395.fna,2170475
TOBG_NP-13.fna,/home/ubuntu/raw_genomes/TOBG_NP-13.fna,3633240
TOBG_NP-140.fna,/home/ubuntu/raw_genomes/TOBG_NP-140.fna,3160351
TOBG_NP-142.fna,/home/ubuntu/raw_genomes/TOBG_NP-142.fna,1131154
TOBG_NP-1444.fna,/home/ubuntu/raw_genomes/TOBG_NP-1444.fna,2099531
TOBG_NP-1463.fna,/home/ubuntu/raw_genomes/TOBG_NP-1463.fna,5265931
TOBG_NP-1472.fna,/home/ubuntu/raw_genomes/TOBG_NP-1472.fna,1521562
TOBG_NP-150.fna,/home/ubuntu/raw_genomes/TOBG_NP-150.fna,2310493
TOBG_NP-151.fna,/home/ubuntu/raw_genomes/TOBG_NP-151.fna,2462997
TOBG_NP-1521.fna,/home/ubuntu/raw_genomes/TOBG_NP-1521.fna,1280864
TOBG_NP-156.fna,/home/ubuntu/raw_genomes/TOBG_NP-156.fna,2782502
TOBG_NP-15.fna,/home/ubuntu/raw_genomes/TOBG_NP-15.fna,3835883
TOBG_NP-16.fna,/home/ubuntu/raw_genomes/TOBG_NP-16.fna,3216677
TOBG_NP-17.fna,/home/ubuntu/raw_genomes/TOBG_NP-17.fna,2232102
TOBG_NP-18.fna,/home/ubuntu/raw_genomes/TOBG_NP-18.fna,1990074
TOBG_NP-1.fna,/home/ubuntu/raw_genomes/TOBG_NP-1.fna,2301040
TOBG_NP-20.fna,/home/ubuntu/raw_genomes/TOBG_NP-20.fna,1887387
TOBG_NP-21.fna,/home/ubuntu/raw_genomes/TOBG_NP-21.fna,3957445
TOBG_NP-22.fna,/home/ubuntu/raw_genomes/TOBG_NP-22.fna,1106673
TOBG_NP-23.fna,/home/ubuntu/raw_genomes/TOBG_NP-23.fna,4706579
TOBG_NP-24.fna,/home/ubuntu/raw_genomes/TOBG_NP-24.fna,2175746
TOBG_NP-25.fna,/home/ubuntu/raw_genomes/TOBG_NP-25.fna,2529929
TOBG_NP-26.fna,/home/ubuntu/raw_genomes/TOBG_NP-26.fna,3011789
TOBG_NP-27.fna,/home/ubuntu/raw_genomes/TOBG_NP-27.fna,3102721
TOBG_NP-28.fna,/home/ubuntu/raw_genomes/TOBG_NP-28.fna,3571990
TOBG_NP-29.fna,/home/ubuntu/raw_genomes/TOBG_NP-29.fna,5521072
TOBG_NP-2.fna,/home/ubuntu/raw_genomes/TOBG_NP-2.fna,4855834
TOBG_NP-32.fna,/home/ubuntu/raw_genomes/TOBG_NP-32.fna,4180493
TOBG_NP-33.fna,/home/ubuntu/raw_genomes/TOBG_NP-33.fna,5020691
TOBG_NP-34.fna,/home/ubuntu/raw_genomes/TOBG_NP-34.fna,5489861
TOBG_NP-36.fna,/home/ubuntu/raw_genomes/TOBG_NP-36.fna,4438399
TOBG_NP-37.fna,/home/ubuntu/raw_genomes/TOBG_NP-37.fna,3112961
TOBG_NP-38.fna,/home/ubuntu/raw_genomes/TOBG_NP-38.fna,3745070
TOBG_NP-39.fna,/home/ubuntu/raw_genomes/TOBG_NP-39.fna,4621611
TOBG_NP-40.fna,/home/ubuntu/raw_genomes/TOBG_NP-40.fna,3837150
TOBG_NP-41.fna,/home/ubuntu/raw_genomes/TOBG_NP-41.fna,5344530
TOBG_NP-42.fna,/home/ubuntu/raw_genomes/TOBG_NP-42.fna,3854487
TOBG_NP-43.fna,/home/ubuntu/raw_genomes/TOBG_NP-43.fna,5511802
TOBG_NP-45.fna,/home/ubuntu/raw_genomes/TOBG_NP-45.fna,2922982
TOBG_NP-47.fna,/home/ubuntu/raw_genomes/TOBG_NP-47.fna,4782286
TOBG_NP-49.fna,/home/ubuntu/raw_genomes/TOBG_NP-49.fna,5103009
TOBG_NP-4.fna,/home/ubuntu/raw_genomes/TOBG_NP-4.fna,9279585
TOBG_NP-51.fna,/home/ubuntu/raw_genomes/TOBG_NP-51.fna,2679977
TOBG_NP-52.fna,/home/ubuntu/raw_genomes/TOBG_NP-52.fna,1965511
TOBG_NP-53.fna,/home/ubuntu/raw_genomes/TOBG_NP-53.fna,2948565
TOBG_NP-54.fna,/home/ubuntu/raw_genomes/TOBG_NP-54.fna,2380199
TOBG_NP-55.fna,/home/ubuntu/raw_genomes/TOBG_NP-55.fna,1833259
TOBG_NP-56.fna,/home/ubuntu/raw_genomes/TOBG_NP-56.fna,2695609
TOBG_NP-57.fna,/home/ubuntu/raw_genomes/TOBG_NP-57.fna,2589833
TOBG_NP-58.fna,/home/ubuntu/raw_genomes/TOBG_NP-58.fna,3675190
TOBG_NP-59.fna,/home/ubuntu/raw_genomes/TOBG_NP-59.fna,3019873
TOBG_NP-5.fna,/home/ubuntu/raw_genomes/TOBG_NP-5.fna,6553609
TOBG_NP-60.fna,/home/ubuntu/raw_genomes/TOBG_NP-60.fna,5814405
TOBG_NP-64.fna,/home/ubuntu/raw_genomes/TOBG_NP-64.fna,1970833
TOBG_NP-65.fna,/home/ubuntu/raw_genomes/TOBG_NP-65.fna,1733199
TOBG_NP-68.fna,/home/ubuntu/raw_genomes/TOBG_NP-68.fna,2829575
TOBG_NP-69.fna,/home/ubuntu/raw_genomes/TOBG_NP-69.fna,5270286
TOBG_NP-6.fna,/home/ubuntu/raw_genomes/TOBG_NP-6.fna,7018685
TOBG_NP-72.fna,/home/ubuntu/raw_genomes/TOBG_NP-72.fna,2604863
TOBG_NP-75.fna,/home/ubuntu/raw_genomes/TOBG_NP-75.fna,3528229
TOBG_NP-77.fna,/home/ubuntu/raw_genomes/TOBG_NP-77.fna,1996248
TOBG_NP-79.fna,/home/ubuntu/raw_genomes/TOBG_NP-79.fna,1992915
TOBG_NP-7.fna,/home/ubuntu/raw_genomes/TOBG_NP-7.fna,3379762
TOBG_NP-80.fna,/home/ubuntu/raw_genomes/TOBG_NP-80.fna,1441759
TOBG_NP-81.fna,/home/ubuntu/raw_genomes/TOBG_NP-81.fna,5970290
TOBG_NP-85.fna,/home/ubuntu/raw_genomes/TOBG_NP-85.fna,1873240
TOBG_NP-86.fna,/home/ubuntu/raw_genomes/TOBG_NP-86.fna,7610323
TOBG_NP-87.fna,/home/ubuntu/raw_genomes/TOBG_NP-87.fna,4864823
TOBG_NP-89.fna,/home/ubuntu/raw_genomes/TOBG_NP-89.fna,3131483
TOBG_NP-8.fna,/home/ubuntu/raw_genomes/TOBG_NP-8.fna,2606639
TOBG_NP-90.fna,/home/ubuntu/raw_genomes/TOBG_NP-90.fna,3583678
TOBG_NP-91.fna,/home/ubuntu/raw_genomes/TOBG_NP-91.fna,2864318
TOBG_NP-92.fna,/home/ubuntu/raw_genomes/TOBG_NP-92.fna,3057966
TOBG_NP-931.fna,/home/ubuntu/raw_genomes/TOBG_NP-931.fna,1820015
TOBG_NP-932.fna,/home/ubuntu/raw_genomes/TOBG_NP-932.fna,1743660
TOBG_NP-936.fna,/home/ubuntu/raw_genomes/TOBG_NP-936.fna,4639937
TOBG_NP-942.fna,/home/ubuntu/raw_genomes/TOBG_NP-942.fna,2687717
TOBG_NP-944.fna,/home/ubuntu/raw_genomes/TOBG_NP-944.fna,1256471
TOBG_NP-945.fna,/home/ubuntu/raw_genomes/TOBG_NP-945.fna,3148818
TOBG_NP-948.fna,/home/ubuntu/raw_genomes/TOBG_NP-948.fna,3237061
TOBG_NP-949.fna,/home/ubuntu/raw_genomes/TOBG_NP-949.fna,3924218
TOBG_NP-94.fna,/home/ubuntu/raw_genomes/TOBG_NP-94.fna,3248331
TOBG_NP-951.fna,/home/ubuntu/raw_genomes/TOBG_NP-951.fna,5191628
TOBG_NP-952.fna,/home/ubuntu/raw_genomes/TOBG_NP-952.fna,3810359
TOBG_NP-954.fna,/home/ubuntu/raw_genomes/TOBG_NP-954.fna,1603874
TOBG_NP-955.fna,/home/ubuntu/raw_genomes/TOBG_NP-955.fna,3919939
TOBG_NP-956.fna,/home/ubuntu/raw_genomes/TOBG_NP-956.fna,2989435
TOBG_NP-95.fna,/home/ubuntu/raw_genomes/TOBG_NP-95.fna,4499712
TOBG_NP-960.fna,/home/ubuntu/raw_genomes/TOBG_NP-960.fna,4153146
TOBG_NP-964.fna,/home/ubuntu/raw_genomes/TOBG_NP-964.fna,3828156
TOBG_NP-965.fna,/home/ubuntu/raw_genomes/TOBG_NP-965.fna,1418723
TOBG_NP-966.fna,/home/ubuntu/raw_genomes/TOBG_NP-966.fna,1801577
TOBG_NP-969.fna,/home/ubuntu/raw_genomes/TOBG_NP-969.fna,2677747
TOBG_NP-96.fna,/home/ubuntu/raw_genomes/TOBG_NP-96.fna,3358496
TOBG_NP-970.fna,/home/ubuntu/raw_genomes/TOBG_NP-970.fna,2539482
TOBG_NP-973.fna,/home/ubuntu/raw_genomes/TOBG_NP-973.fna,3016006
TOBG_NP-97.fna,/home/ubuntu/raw_genomes/TOBG_NP-97.fna,3509560
TOBG_NP-986.fna,/home/ubuntu/raw_genomes/TOBG_NP-986.fna,2494384
TOBG_NP-992.fna,/home/ubuntu/raw_genomes/TOBG_NP-992.fna,3330616
TOBG_NP-993.fna,/home/ubuntu/raw_genomes/TOBG_NP-993.fna,2957209
TOBG_NP-997.fna,/home/ubuntu/raw_genomes/TOBG_NP-997.fna,2432264
TOBG_NP-99.fna,/home/ubuntu/raw_genomes/TOBG_NP-99.fna,8403301
TOBG_NP-9.fna,/home/ubuntu/raw_genomes/TOBG_NP-9.fna,4089862
TOBG_RS-341.fna,/home/ubuntu/raw_genomes/TOBG_RS-341.fna,1580829
TOBG_RS-342.fna,/home/ubuntu/raw_genomes/TOBG_RS-342.fna,3969902
TOBG_RS-344.fna,/home/ubuntu/raw_genomes/TOBG_RS-344.fna,1343288
TOBG_RS-346.fna,/home/ubuntu/raw_genomes/TOBG_RS-346.fna,1252944
TOBG_RS-348.fna,/home/ubuntu/raw_genomes/TOBG_RS-348.fna,1837910
TOBG_RS-349.fna,/home/ubuntu/raw_genomes/TOBG_RS-349.fna,1980219
TOBG_RS-350.fna,/home/ubuntu/raw_genomes/TOBG_RS-350.fna,2358051
TOBG_RS-352.fna,/home/ubuntu/raw_genomes/TOBG_RS-352.fna,1244678
TOBG_RS-355.fna,/home/ubuntu/raw_genomes/TOBG_RS-355.fna,5672672
TOBG_RS-357.fna,/home/ubuntu/raw_genomes/TOBG_RS-357.fna,2646665
TOBG_RS-361.fna,/home/ubuntu/raw_genomes/TOBG_RS-361.fna,2946582
TOBG_RS-363.fna,/home/ubuntu/raw_genomes/TOBG_RS-363.fna,4808176
TOBG_RS-364.fna,/home/ubuntu/raw_genomes/TOBG_RS-364.fna,3129804
TOBG_RS-365.fna,/home/ubuntu/raw_genomes/TOBG_RS-365.fna,1600229
TOBG_RS-367.fna,/home/ubuntu/raw_genomes/TOBG_RS-367.fna,3120740
TOBG_RS-371.fna,/home/ubuntu/raw_genomes/TOBG_RS-371.fna,2097892
TOBG_RS-373.fna,/home/ubuntu/raw_genomes/TOBG_RS-373.fna,2398146
TOBG_RS-376.fna,/home/ubuntu/raw_genomes/TOBG_RS-376.fna,5828739
TOBG_RS-380.fna,/home/ubuntu/raw_genomes/TOBG_RS-380.fna,3137280
TOBG_RS-381.fna,/home/ubuntu/raw_genomes/TOBG_RS-381.fna,1489377
TOBG_RS-382.fna,/home/ubuntu/raw_genomes/TOBG_RS-382.fna,2449540
TOBG_RS-383.fna,/home/ubuntu/raw_genomes/TOBG_RS-383.fna,6259786
TOBG_RS-384.fna,/home/ubuntu/raw_genomes/TOBG_RS-384.fna,1595570
TOBG_RS-386.fna,/home/ubuntu/raw_genomes/TOBG_RS-386.fna,3414596
TOBG_RS-387.fna,/home/ubuntu/raw_genomes/TOBG_RS-387.fna,1800507
TOBG_RS-388.fna,/home/ubuntu/raw_genomes/TOBG_RS-388.fna,2225131
TOBG_RS-389.fna,/home/ubuntu/raw_genomes/TOBG_RS-389.fna,1546902
TOBG_RS-391.fna,/home/ubuntu/raw_genomes/TOBG_RS-391.fna,2079132
TOBG_RS-392.fna,/home/ubuntu/raw_genomes/TOBG_RS-392.fna,1413436
TOBG_RS-395.fna,/home/ubuntu/raw_genomes/TOBG_RS-395.fna,5689386
TOBG_RS-397.fna,/home/ubuntu/raw_genomes/TOBG_RS-397.fna,2309437
TOBG_RS-398.fna,/home/ubuntu/raw_genomes/TOBG_RS-398.fna,7787459
TOBG_RS-402.fna,/home/ubuntu/raw_genomes/TOBG_RS-402.fna,1676810
TOBG_RS-404.fna,/home/ubuntu/raw_genomes/TOBG_RS-404.fna,1742913
TOBG_RS-406.fna,/home/ubuntu/raw_genomes/TOBG_RS-406.fna,2034634
TOBG_RS-408.fna,/home/ubuntu/raw_genomes/TOBG_RS-408.fna,1618344
TOBG_RS-412.fna,/home/ubuntu/raw_genomes/TOBG_RS-412.fna,1841388
TOBG_RS-415.fna,/home/ubuntu/raw_genomes/TOBG_RS-415.fna,4136798
TOBG_RS-416.fna,/home/ubuntu/raw_genomes/TOBG_RS-416.fna,1914839
TOBG_RS-419.fna,/home/ubuntu/raw_genomes/TOBG_RS-419.fna,1520059
TOBG_RS-420.fna,/home/ubuntu/raw_genomes/TOBG_RS-420.fna,1348634
TOBG_RS-421.fna,/home/ubuntu/raw_genomes/TOBG_RS-421.fna,2154467
TOBG_RS-422.fna,/home/ubuntu/raw_genomes/TOBG_RS-422.fna,2030206
TOBG_RS-423.fna,/home/ubuntu/raw_genomes/TOBG_RS-423.fna,5326059
TOBG_RS-426.fna,/home/ubuntu/raw_genomes/TOBG_RS-426.fna,4655006
TOBG_RS-428.fna,/home/ubuntu/raw_genomes/TOBG_RS-428.fna,1512600
TOBG_RS-431.fna,/home/ubuntu/raw_genomes/TOBG_RS-431.fna,1806930
TOBG_RS-434.fna,/home/ubuntu/raw_genomes/TOBG_RS-434.fna,2142183
TOBG_RS-435.fna,/home/ubuntu/raw_genomes/TOBG_RS-435.fna,1482392
TOBG_RS-438.fna,/home/ubuntu/raw_genomes/TOBG_RS-438.fna,1684994
TOBG_RS-439.fna,/home/ubuntu/raw_genomes/TOBG_RS-439.fna,1461763
TOBG_RS-453.fna,/home/ubuntu/raw_genomes/TOBG_RS-453.fna,1297611
TOBG_RS-454.fna,/home/ubuntu/raw_genomes/TOBG_RS-454.fna,1871976
TOBG_RS-456.fna,/home/ubuntu/raw_genomes/TOBG_RS-456.fna,4172585
TOBG_RS-458.fna,/home/ubuntu/raw_genomes/TOBG_RS-458.fna,2429970
TOBG_RS-464.fna,/home/ubuntu/raw_genomes/TOBG_RS-464.fna,3038814
TOBG_RS-465.fna,/home/ubuntu/raw_genomes/TOBG_RS-465.fna,2877862
TOBG_RS-535.fna,/home/ubuntu/raw_genomes/TOBG_RS-535.fna,1314129
TOBG_RS-604.fna,/home/ubuntu/raw_genomes/TOBG_RS-604.fna,1883332
TOBG_RS-615.fna,/home/ubuntu/raw_genomes/TOBG_RS-615.fna,5100071
TOBG_RS-626.fna,/home/ubuntu/raw_genomes/TOBG_RS-626.fna,1047887
TOBG_RS-648.fna,/home/ubuntu/raw_genomes/TOBG_RS-648.fna,1576615
TOBG_RS-652.fna,/home/ubuntu/raw_genomes/TOBG_RS-652.fna,2169185
TOBG_RS-668.fna,/home/ubuntu/raw_genomes/TOBG_RS-668.fna,1414340
TOBG_RS-678.fna,/home/ubuntu/raw_genomes/TOBG_RS-678.fna,1406929
TOBG_RS-697.fna,/home/ubuntu/raw_genomes/TOBG_RS-697.fna,2545574
TOBG_RS-797.fna,/home/ubuntu/raw_genomes/TOBG_RS-797.fna,2242796
TOBG_RS-815.fna,/home/ubuntu/raw_genomes/TOBG_RS-815.fna,963751
TOBG_RS-816.fna,/home/ubuntu/raw_genomes/TOBG_RS-816.fna,1394984
TOBG_RS-817.fna,/home/ubuntu/raw_genomes/TOBG_RS-817.fna,1985135
TOBG_RS-819.fna,/home/ubuntu/raw_genomes/TOBG_RS-819.fna,1355324
TOBG_RS-820.fna,/home/ubuntu/raw_genomes/TOBG_RS-820.fna,1716093
TOBG_RS-821.fna,/home/ubuntu/raw_genomes/TOBG_RS-821.fna,5422664
TOBG_RS-822.fna,/home/ubuntu/raw_genomes/TOBG_RS-822.fna,5850589
TOBG_RS-826.fna,/home/ubuntu/raw_genomes/TOBG_RS-826.fna,2689638
TOBG_SAT-101.fna,/home/ubuntu/raw_genomes/TOBG_SAT-101.fna,4047777
TOBG_SAT-103.fna,/home/ubuntu/raw_genomes/TOBG_SAT-103.fna,1803236
TOBG_SAT-104.fna,/home/ubuntu/raw_genomes/TOBG_SAT-104.fna,2864745
TOBG_SAT-105.fna,/home/ubuntu/raw_genomes/TOBG_SAT-105.fna,1669274
TOBG_SAT-106.fna,/home/ubuntu/raw_genomes/TOBG_SAT-106.fna,3264734
TOBG_SAT-107.fna,/home/ubuntu/raw_genomes/TOBG_SAT-107.fna,2507259
TOBG_SAT-108.fna,/home/ubuntu/raw_genomes/TOBG_SAT-108.fna,3542561
TOBG_SAT-109.fna,/home/ubuntu/raw_genomes/TOBG_SAT-109.fna,4574030
TOBG_SAT-10.fna,/home/ubuntu/raw_genomes/TOBG_SAT-10.fna,4732202
TOBG_SAT-110.fna,/home/ubuntu/raw_genomes/TOBG_SAT-110.fna,3119350
TOBG_SAT-111.fna,/home/ubuntu/raw_genomes/TOBG_SAT-111.fna,4727930
TOBG_SAT-112.fna,/home/ubuntu/raw_genomes/TOBG_SAT-112.fna,2675016
TOBG_SAT-113.fna,/home/ubuntu/raw_genomes/TOBG_SAT-113.fna,4081676
TOBG_SAT-114.fna,/home/ubuntu/raw_genomes/TOBG_SAT-114.fna,4070297
TOBG_SAT-115.fna,/home/ubuntu/raw_genomes/TOBG_SAT-115.fna,3864107
TOBG_SAT-117.fna,/home/ubuntu/raw_genomes/TOBG_SAT-117.fna,3958712
TOBG_SAT-121.fna,/home/ubuntu/raw_genomes/TOBG_SAT-121.fna,3566368
TOBG_SAT-126.fna,/home/ubuntu/raw_genomes/TOBG_SAT-126.fna,3662687
TOBG_SAT-1289.fna,/home/ubuntu/raw_genomes/TOBG_SAT-1289.fna,2201031
TOBG_SAT-128.fna,/home/ubuntu/raw_genomes/TOBG_SAT-128.fna,5214681
TOBG_SAT-129.fna,/home/ubuntu/raw_genomes/TOBG_SAT-129.fna,3778761
TOBG_SAT-12.fna,/home/ubuntu/raw_genomes/TOBG_SAT-12.fna,4537602
TOBG_SAT-1308.fna,/home/ubuntu/raw_genomes/TOBG_SAT-1308.fna,4185089
TOBG_SAT-1309.fna,/home/ubuntu/raw_genomes/TOBG_SAT-1309.fna,3157252
TOBG_SAT-130.fna,/home/ubuntu/raw_genomes/TOBG_SAT-130.fna,3595762
TOBG_SAT-1329.fna,/home/ubuntu/raw_genomes/TOBG_SAT-1329.fna,1632297
TOBG_SAT-132.fna,/home/ubuntu/raw_genomes/TOBG_SAT-132.fna,1956592
TOBG_SAT-1331.fna,/home/ubuntu/raw_genomes/TOBG_SAT-1331.fna,1809684
TOBG_SAT-1339.fna,/home/ubuntu/raw_genomes/TOBG_SAT-1339.fna,2043271
TOBG_SAT-133.fna,/home/ubuntu/raw_genomes/TOBG_SAT-133.fna,1870654
TOBG_SAT-1342.fna,/home/ubuntu/raw_genomes/TOBG_SAT-1342.fna,1218921
TOBG_SAT-1346.fna,/home/ubuntu/raw_genomes/TOBG_SAT-1346.fna,1427231
TOBG_SAT-134.fna,/home/ubuntu/raw_genomes/TOBG_SAT-134.fna,2301888
TOBG_SAT-1359.fna,/home/ubuntu/raw_genomes/TOBG_SAT-1359.fna,1787786
TOBG_SAT-135.fna,/home/ubuntu/raw_genomes/TOBG_SAT-135.fna,1523834
TOBG_SAT-1366.fna,/home/ubuntu/raw_genomes/TOBG_SAT-1366.fna,1991930
TOBG_SAT-1367.fna,/home/ubuntu/raw_genomes/TOBG_SAT-1367.fna,2352603
TOBG_SAT-1369.fna,/home/ubuntu/raw_genomes/TOBG_SAT-1369.fna,1246510
TOBG_SAT-137.fna,/home/ubuntu/raw_genomes/TOBG_SAT-137.fna,1459682
TOBG_SAT-1388.fna,/home/ubuntu/raw_genomes/TOBG_SAT-1388.fna,1571405
TOBG_SAT-138.fna,/home/ubuntu/raw_genomes/TOBG_SAT-138.fna,1429528
TOBG_SAT-1391.fna,/home/ubuntu/raw_genomes/TOBG_SAT-1391.fna,2504860
TOBG_SAT-139.fna,/home/ubuntu/raw_genomes/TOBG_SAT-139.fna,919096
TOBG_SAT-13.fna,/home/ubuntu/raw_genomes/TOBG_SAT-13.fna,1395102
TOBG_SAT-1401.fna,/home/ubuntu/raw_genomes/TOBG_SAT-1401.fna,3750247
TOBG_SAT-1403.fna,/home/ubuntu/raw_genomes/TOBG_SAT-1403.fna,1404366
TOBG_SAT-1415.fna,/home/ubuntu/raw_genomes/TOBG_SAT-1415.fna,2548298
TOBG_SAT-141.fna,/home/ubuntu/raw_genomes/TOBG_SAT-141.fna,5030346
TOBG_SAT-142.fna,/home/ubuntu/raw_genomes/TOBG_SAT-142.fna,1833363
TOBG_SAT-1431.fna,/home/ubuntu/raw_genomes/TOBG_SAT-1431.fna,1683245
TOBG_SAT-1434.fna,/home/ubuntu/raw_genomes/TOBG_SAT-1434.fna,2404839
TOBG_SAT-1446.fna,/home/ubuntu/raw_genomes/TOBG_SAT-1446.fna,1061360
TOBG_SAT-1448.fna,/home/ubuntu/raw_genomes/TOBG_SAT-1448.fna,1755872
TOBG_SAT-1449.fna,/home/ubuntu/raw_genomes/TOBG_SAT-1449.fna,2193070
TOBG_SAT-1450.fna,/home/ubuntu/raw_genomes/TOBG_SAT-1450.fna,1429480
TOBG_SAT-1451.fna,/home/ubuntu/raw_genomes/TOBG_SAT-1451.fna,4963030
TOBG_SAT-145.fna,/home/ubuntu/raw_genomes/TOBG_SAT-145.fna,1808944
TOBG_SAT-1462.fna,/home/ubuntu/raw_genomes/TOBG_SAT-1462.fna,3779589
TOBG_SAT-14.fna,/home/ubuntu/raw_genomes/TOBG_SAT-14.fna,3358676
TOBG_SAT-1508.fna,/home/ubuntu/raw_genomes/TOBG_SAT-1508.fna,2044475
TOBG_SAT-1509.fna,/home/ubuntu/raw_genomes/TOBG_SAT-1509.fna,2545681
TOBG_SAT-150.fna,/home/ubuntu/raw_genomes/TOBG_SAT-150.fna,3834755
TOBG_SAT-1510.fna,/home/ubuntu/raw_genomes/TOBG_SAT-1510.fna,1552599
TOBG_SAT-1517.fna,/home/ubuntu/raw_genomes/TOBG_SAT-1517.fna,2749100
TOBG_SAT-152.fna,/home/ubuntu/raw_genomes/TOBG_SAT-152.fna,1554143
TOBG_SAT-154.fna,/home/ubuntu/raw_genomes/TOBG_SAT-154.fna,1288042
TOBG_SAT-1553.fna,/home/ubuntu/raw_genomes/TOBG_SAT-1553.fna,1590752
TOBG_SAT-155.fna,/home/ubuntu/raw_genomes/TOBG_SAT-155.fna,3523997
TOBG_SAT-157.fna,/home/ubuntu/raw_genomes/TOBG_SAT-157.fna,2483264
TOBG_SAT-1582.fna,/home/ubuntu/raw_genomes/TOBG_SAT-1582.fna,1440485
TOBG_SAT-159.fna,/home/ubuntu/raw_genomes/TOBG_SAT-159.fna,2010063
TOBG_SAT-15.fna,/home/ubuntu/raw_genomes/TOBG_SAT-15.fna,1784937
TOBG_SAT-1607.fna,/home/ubuntu/raw_genomes/TOBG_SAT-1607.fna,1139082
TOBG_SAT-1608.fna,/home/ubuntu/raw_genomes/TOBG_SAT-1608.fna,1504380
TOBG_SAT-1609.fna,/home/ubuntu/raw_genomes/TOBG_SAT-1609.fna,2744092
TOBG_SAT-1610.fna,/home/ubuntu/raw_genomes/TOBG_SAT-1610.fna,3823410
TOBG_SAT-1611.fna,/home/ubuntu/raw_genomes/TOBG_SAT-1611.fna,2084816
TOBG_SAT-1613.fna,/home/ubuntu/raw_genomes/TOBG_SAT-1613.fna,2363824
TOBG_SAT-1614.fna,/home/ubuntu/raw_genomes/TOBG_SAT-1614.fna,2514011
TOBG_SAT-161.fna,/home/ubuntu/raw_genomes/TOBG_SAT-161.fna,1266047
TOBG_SAT-162.fna,/home/ubuntu/raw_genomes/TOBG_SAT-162.fna,4765829
TOBG_SAT-164.fna,/home/ubuntu/raw_genomes/TOBG_SAT-164.fna,1720552
TOBG_SAT-165.fna,/home/ubuntu/raw_genomes/TOBG_SAT-165.fna,1700864
TOBG_SAT-166.fna,/home/ubuntu/raw_genomes/TOBG_SAT-166.fna,1231651
TOBG_SAT-168.fna,/home/ubuntu/raw_genomes/TOBG_SAT-168.fna,1660800
TOBG_SAT-175.fna,/home/ubuntu/raw_genomes/TOBG_SAT-175.fna,2007282
TOBG_SAT-176.fna,/home/ubuntu/raw_genomes/TOBG_SAT-176.fna,2999251
TOBG_SAT-177.fna,/home/ubuntu/raw_genomes/TOBG_SAT-177.fna,2519209
TOBG_SAT-179.fna,/home/ubuntu/raw_genomes/TOBG_SAT-179.fna,3963517
TOBG_SAT-17.fna,/home/ubuntu/raw_genomes/TOBG_SAT-17.fna,2177475
TOBG_SAT-180.fna,/home/ubuntu/raw_genomes/TOBG_SAT-180.fna,3700446
TOBG_SAT-181.fna,/home/ubuntu/raw_genomes/TOBG_SAT-181.fna,1250697
TOBG_SAT-182.fna,/home/ubuntu/raw_genomes/TOBG_SAT-182.fna,1355491
TOBG_SAT-183.fna,/home/ubuntu/raw_genomes/TOBG_SAT-183.fna,3601849
TOBG_SAT-185.fna,/home/ubuntu/raw_genomes/TOBG_SAT-185.fna,2235816
TOBG_SAT-189.fna,/home/ubuntu/raw_genomes/TOBG_SAT-189.fna,3591292
TOBG_SAT-18.fna,/home/ubuntu/raw_genomes/TOBG_SAT-18.fna,3157998
TOBG_SAT-193.fna,/home/ubuntu/raw_genomes/TOBG_SAT-193.fna,1338141
TOBG_SAT-194.fna,/home/ubuntu/raw_genomes/TOBG_SAT-194.fna,3347836
TOBG_SAT-195.fna,/home/ubuntu/raw_genomes/TOBG_SAT-195.fna,3385183
TOBG_SAT-197.fna,/home/ubuntu/raw_genomes/TOBG_SAT-197.fna,1177491
TOBG_SAT-198.fna,/home/ubuntu/raw_genomes/TOBG_SAT-198.fna,3849940
TOBG_SAT-19.fna,/home/ubuntu/raw_genomes/TOBG_SAT-19.fna,4192159
TOBG_SAT-1.fna,/home/ubuntu/raw_genomes/TOBG_SAT-1.fna,3229293
TOBG_SAT-201.fna,/home/ubuntu/raw_genomes/TOBG_SAT-201.fna,1211441
TOBG_SAT-206.fna,/home/ubuntu/raw_genomes/TOBG_SAT-206.fna,1381584
TOBG_SAT-20.fna,/home/ubuntu/raw_genomes/TOBG_SAT-20.fna,3682313
TOBG_SAT-211.fna,/home/ubuntu/raw_genomes/TOBG_SAT-211.fna,992944
TOBG_SAT-213.fna,/home/ubuntu/raw_genomes/TOBG_SAT-213.fna,1797984
TOBG_SAT-217.fna,/home/ubuntu/raw_genomes/TOBG_SAT-217.fna,2646633
TOBG_SAT-220.fna,/home/ubuntu/raw_genomes/TOBG_SAT-220.fna,954390
TOBG_SAT-221.fna,/home/ubuntu/raw_genomes/TOBG_SAT-221.fna,1424643
TOBG_SAT-226.fna,/home/ubuntu/raw_genomes/TOBG_SAT-226.fna,1557090
TOBG_SAT-227.fna,/home/ubuntu/raw_genomes/TOBG_SAT-227.fna,2716820
TOBG_SAT-228.fna,/home/ubuntu/raw_genomes/TOBG_SAT-228.fna,1642008
TOBG_SAT-22.fna,/home/ubuntu/raw_genomes/TOBG_SAT-22.fna,3483980
TOBG_SAT-230.fna,/home/ubuntu/raw_genomes/TOBG_SAT-230.fna,4921160
TOBG_SAT-23.fna,/home/ubuntu/raw_genomes/TOBG_SAT-23.fna,2581032
TOBG_SAT-25.fna,/home/ubuntu/raw_genomes/TOBG_SAT-25.fna,2760586
TOBG_SAT-2619.fna,/home/ubuntu/raw_genomes/TOBG_SAT-2619.fna,1203139
TOBG_SAT-26.fna,/home/ubuntu/raw_genomes/TOBG_SAT-26.fna,2745455
TOBG_SAT-2755.fna,/home/ubuntu/raw_genomes/TOBG_SAT-2755.fna,3226690
TOBG_SAT-2756.fna,/home/ubuntu/raw_genomes/TOBG_SAT-2756.fna,2112507
TOBG_SAT-2766.fna,/home/ubuntu/raw_genomes/TOBG_SAT-2766.fna,2002729
TOBG_SAT-2787.fna,/home/ubuntu/raw_genomes/TOBG_SAT-2787.fna,1687414
TOBG_SAT-2788.fna,/home/ubuntu/raw_genomes/TOBG_SAT-2788.fna,3358635
TOBG_SAT-27.fna,/home/ubuntu/raw_genomes/TOBG_SAT-27.fna,4324183
TOBG_SAT-28.fna,/home/ubuntu/raw_genomes/TOBG_SAT-28.fna,4625496
TOBG_SAT-2911.fna,/home/ubuntu/raw_genomes/TOBG_SAT-2911.fna,2076724
TOBG_SAT-2.fna,/home/ubuntu/raw_genomes/TOBG_SAT-2.fna,2365380
TOBG_SAT-3021.fna,/home/ubuntu/raw_genomes/TOBG_SAT-3021.fna,3038449
TOBG_SAT-31.fna,/home/ubuntu/raw_genomes/TOBG_SAT-31.fna,4069214
TOBG_SAT-33.fna,/home/ubuntu/raw_genomes/TOBG_SAT-33.fna,1659661
TOBG_SAT-35.fna,/home/ubuntu/raw_genomes/TOBG_SAT-35.fna,3640499
TOBG_SAT-37.fna,/home/ubuntu/raw_genomes/TOBG_SAT-37.fna,3574957
TOBG_SAT-38.fna,/home/ubuntu/raw_genomes/TOBG_SAT-38.fna,1888070
TOBG_SAT-39.fna,/home/ubuntu/raw_genomes/TOBG_SAT-39.fna,3224076
TOBG_SAT-3.fna,/home/ubuntu/raw_genomes/TOBG_SAT-3.fna,2119617
TOBG_SAT-40.fna,/home/ubuntu/raw_genomes/TOBG_SAT-40.fna,3830489
TOBG_SAT-42.fna,/home/ubuntu/raw_genomes/TOBG_SAT-42.fna,3623736
TOBG_SAT-43.fna,/home/ubuntu/raw_genomes/TOBG_SAT-43.fna,3018417
TOBG_SAT-46.fna,/home/ubuntu/raw_genomes/TOBG_SAT-46.fna,3539782
TOBG_SAT-47.fna,/home/ubuntu/raw_genomes/TOBG_SAT-47.fna,2914745
TOBG_SAT-49.fna,/home/ubuntu/raw_genomes/TOBG_SAT-49.fna,3046076
TOBG_SAT-4.fna,/home/ubuntu/raw_genomes/TOBG_SAT-4.fna,3897340
TOBG_SAT-51.fna,/home/ubuntu/raw_genomes/TOBG_SAT-51.fna,4988172
TOBG_SAT-52.fna,/home/ubuntu/raw_genomes/TOBG_SAT-52.fna,4351294
TOBG_SAT-54.fna,/home/ubuntu/raw_genomes/TOBG_SAT-54.fna,4779610
TOBG_SAT-55.fna,/home/ubuntu/raw_genomes/TOBG_SAT-55.fna,5115071
TOBG_SAT-56.fna,/home/ubuntu/raw_genomes/TOBG_SAT-56.fna,3566898
TOBG_SAT-57.fna,/home/ubuntu/raw_genomes/TOBG_SAT-57.fna,4960393
TOBG_SAT-59.fna,/home/ubuntu/raw_genomes/TOBG_SAT-59.fna,2811814
TOBG_SAT-5.fna,/home/ubuntu/raw_genomes/TOBG_SAT-5.fna,3741168
TOBG_SAT-60.fna,/home/ubuntu/raw_genomes/TOBG_SAT-60.fna,3200985
TOBG_SAT-62.fna,/home/ubuntu/raw_genomes/TOBG_SAT-62.fna,3322063
TOBG_SAT-64.fna,/home/ubuntu/raw_genomes/TOBG_SAT-64.fna,3802651
TOBG_SAT-65.fna,/home/ubuntu/raw_genomes/TOBG_SAT-65.fna,1708736
TOBG_SAT-66.fna,/home/ubuntu/raw_genomes/TOBG_SAT-66.fna,3323472
TOBG_SAT-67.fna,/home/ubuntu/raw_genomes/TOBG_SAT-67.fna,2827680
TOBG_SAT-69.fna,/home/ubuntu/raw_genomes/TOBG_SAT-69.fna,3780769
TOBG_SAT-6.fna,/home/ubuntu/raw_genomes/TOBG_SAT-6.fna,3009097
TOBG_SAT-73.fna,/home/ubuntu/raw_genomes/TOBG_SAT-73.fna,3646182
TOBG_SAT-74.fna,/home/ubuntu/raw_genomes/TOBG_SAT-74.fna,2965195
TOBG_SAT-75.fna,/home/ubuntu/raw_genomes/TOBG_SAT-75.fna,3093260
TOBG_SAT-77.fna,/home/ubuntu/raw_genomes/TOBG_SAT-77.fna,1566675
TOBG_SAT-79.fna,/home/ubuntu/raw_genomes/TOBG_SAT-79.fna,2895303
TOBG_SAT-7.fna,/home/ubuntu/raw_genomes/TOBG_SAT-7.fna,3413560
TOBG_SAT-83.fna,/home/ubuntu/raw_genomes/TOBG_SAT-83.fna,2732373
TOBG_SAT-85.fna,/home/ubuntu/raw_genomes/TOBG_SAT-85.fna,3639824
TOBG_SAT-87.fna,/home/ubuntu/raw_genomes/TOBG_SAT-87.fna,7896062
TOBG_SAT-88.fna,/home/ubuntu/raw_genomes/TOBG_SAT-88.fna,4993883
TOBG_SAT-8.fna,/home/ubuntu/raw_genomes/TOBG_SAT-8.fna,3640882
TOBG_SAT-90.fna,/home/ubuntu/raw_genomes/TOBG_SAT-90.fna,3127146
TOBG_SAT-91.fna,/home/ubuntu/raw_genomes/TOBG_SAT-91.fna,3074704
TOBG_SAT-92.fna,/home/ubuntu/raw_genomes/TOBG_SAT-92.fna,3568991
TOBG_SAT-93.fna,/home/ubuntu/raw_genomes/TOBG_SAT-93.fna,3781349
TOBG_SAT-95.fna,/home/ubuntu/raw_genomes/TOBG_SAT-95.fna,1891523
TOBG_SAT-97.fna,/home/ubuntu/raw_genomes/TOBG_SAT-97.fna,4250142
TOBG_SAT-98.fna,/home/ubuntu/raw_genomes/TOBG_SAT-98.fna,4832435
TOBG_SAT-99.fna,/home/ubuntu/raw_genomes/TOBG_SAT-99.fna,4489342
TOBG_SAT-9.fna,/home/ubuntu/raw_genomes/TOBG_SAT-9.fna,4835676
TOBG_SP-101.fna,/home/ubuntu/raw_genomes/TOBG_SP-101.fna,1337123
TOBG_SP-102.fna,/home/ubuntu/raw_genomes/TOBG_SP-102.fna,2740912
TOBG_SP-104.fna,/home/ubuntu/raw_genomes/TOBG_SP-104.fna,3870793
TOBG_SP-105.fna,/home/ubuntu/raw_genomes/TOBG_SP-105.fna,3293198
TOBG_SP-108.fna,/home/ubuntu/raw_genomes/TOBG_SP-108.fna,1122373
TOBG_SP-109.fna,/home/ubuntu/raw_genomes/TOBG_SP-109.fna,3484875
TOBG_SP-10.fna,/home/ubuntu/raw_genomes/TOBG_SP-10.fna,5902655
TOBG_SP-110.fna,/home/ubuntu/raw_genomes/TOBG_SP-110.fna,2804671
TOBG_SP-112.fna,/home/ubuntu/raw_genomes/TOBG_SP-112.fna,4856351
TOBG_SP-113.fna,/home/ubuntu/raw_genomes/TOBG_SP-113.fna,6843540
TOBG_SP-114.fna,/home/ubuntu/raw_genomes/TOBG_SP-114.fna,3632077
TOBG_SP-115.fna,/home/ubuntu/raw_genomes/TOBG_SP-115.fna,3175648
TOBG_SP-118.fna,/home/ubuntu/raw_genomes/TOBG_SP-118.fna,4114651
TOBG_SP-119.fna,/home/ubuntu/raw_genomes/TOBG_SP-119.fna,4498809
TOBG_SP-11.fna,/home/ubuntu/raw_genomes/TOBG_SP-11.fna,3478601
TOBG_SP-121.fna,/home/ubuntu/raw_genomes/TOBG_SP-121.fna,4536377
TOBG_SP-123.fna,/home/ubuntu/raw_genomes/TOBG_SP-123.fna,4232139
TOBG_SP-124.fna,/home/ubuntu/raw_genomes/TOBG_SP-124.fna,3988723
TOBG_SP-125.fna,/home/ubuntu/raw_genomes/TOBG_SP-125.fna,3875926
TOBG_SP-126.fna,/home/ubuntu/raw_genomes/TOBG_SP-126.fna,5385524
TOBG_SP-127.fna,/home/ubuntu/raw_genomes/TOBG_SP-127.fna,3611953
TOBG_SP-128.fna,/home/ubuntu/raw_genomes/TOBG_SP-128.fna,3158757
TOBG_SP-12.fna,/home/ubuntu/raw_genomes/TOBG_SP-12.fna,6175406
TOBG_SP-131.fna,/home/ubuntu/raw_genomes/TOBG_SP-131.fna,4238835
TOBG_SP-133.fna,/home/ubuntu/raw_genomes/TOBG_SP-133.fna,4248066
TOBG_SP-135.fna,/home/ubuntu/raw_genomes/TOBG_SP-135.fna,2624986
TOBG_SP-136.fna,/home/ubuntu/raw_genomes/TOBG_SP-136.fna,2315296
TOBG_SP-137.fna,/home/ubuntu/raw_genomes/TOBG_SP-137.fna,3678879
TOBG_SP-138.fna,/home/ubuntu/raw_genomes/TOBG_SP-138.fna,5266773
TOBG_SP-13.fna,/home/ubuntu/raw_genomes/TOBG_SP-13.fna,3152361
TOBG_SP-140.fna,/home/ubuntu/raw_genomes/TOBG_SP-140.fna,3804787
TOBG_SP-141.fna,/home/ubuntu/raw_genomes/TOBG_SP-141.fna,6149812
TOBG_SP-142.fna,/home/ubuntu/raw_genomes/TOBG_SP-142.fna,5196966
TOBG_SP-144.fna,/home/ubuntu/raw_genomes/TOBG_SP-144.fna,3871704
TOBG_SP-145.fna,/home/ubuntu/raw_genomes/TOBG_SP-145.fna,3353936
TOBG_SP-149.fna,/home/ubuntu/raw_genomes/TOBG_SP-149.fna,3589936
TOBG_SP-150.fna,/home/ubuntu/raw_genomes/TOBG_SP-150.fna,2027259
TOBG_SP-151.fna,/home/ubuntu/raw_genomes/TOBG_SP-151.fna,2411759
TOBG_SP-154.fna,/home/ubuntu/raw_genomes/TOBG_SP-154.fna,2522793
TOBG_SP-156.fna,/home/ubuntu/raw_genomes/TOBG_SP-156.fna,2602685
TOBG_SP-157.fna,/home/ubuntu/raw_genomes/TOBG_SP-157.fna,1982125
TOBG_SP-158.fna,/home/ubuntu/raw_genomes/TOBG_SP-158.fna,3020958
TOBG_SP-159.fna,/home/ubuntu/raw_genomes/TOBG_SP-159.fna,3619350
TOBG_SP-15.fna,/home/ubuntu/raw_genomes/TOBG_SP-15.fna,2620558
TOBG_SP-160.fna,/home/ubuntu/raw_genomes/TOBG_SP-160.fna,2408629
TOBG_SP-161.fna,/home/ubuntu/raw_genomes/TOBG_SP-161.fna,3418368
TOBG_SP-162.fna,/home/ubuntu/raw_genomes/TOBG_SP-162.fna,3357578
TOBG_SP-163.fna,/home/ubuntu/raw_genomes/TOBG_SP-163.fna,5418417
TOBG_SP-164.fna,/home/ubuntu/raw_genomes/TOBG_SP-164.fna,3400303
TOBG_SP-166.fna,/home/ubuntu/raw_genomes/TOBG_SP-166.fna,4535358
TOBG_SP-167.fna,/home/ubuntu/raw_genomes/TOBG_SP-167.fna,4353457
TOBG_SP-169.fna,/home/ubuntu/raw_genomes/TOBG_SP-169.fna,3284009
TOBG_SP-16.fna,/home/ubuntu/raw_genomes/TOBG_SP-16.fna,6637452
TOBG_SP-171.fna,/home/ubuntu/raw_genomes/TOBG_SP-171.fna,2650633
TOBG_SP-173.fna,/home/ubuntu/raw_genomes/TOBG_SP-173.fna,2468286
TOBG_SP-174.fna,/home/ubuntu/raw_genomes/TOBG_SP-174.fna,1934809
TOBG_SP-176.fna,/home/ubuntu/raw_genomes/TOBG_SP-176.fna,6798689
TOBG_SP-177.fna,/home/ubuntu/raw_genomes/TOBG_SP-177.fna,3586841
TOBG_SP-179.fna,/home/ubuntu/raw_genomes/TOBG_SP-179.fna,3020114
TOBG_SP-17.fna,/home/ubuntu/raw_genomes/TOBG_SP-17.fna,4696839
TOBG_SP-180.fna,/home/ubuntu/raw_genomes/TOBG_SP-180.fna,3734379
TOBG_SP-181.fna,/home/ubuntu/raw_genomes/TOBG_SP-181.fna,4460577
TOBG_SP-182.fna,/home/ubuntu/raw_genomes/TOBG_SP-182.fna,5656820
TOBG_SP-183.fna,/home/ubuntu/raw_genomes/TOBG_SP-183.fna,3632679
TOBG_SP-184.fna,/home/ubuntu/raw_genomes/TOBG_SP-184.fna,3744199
TOBG_SP-185.fna,/home/ubuntu/raw_genomes/TOBG_SP-185.fna,1265547
TOBG_SP-186.fna,/home/ubuntu/raw_genomes/TOBG_SP-186.fna,3843638
TOBG_SP-187.fna,/home/ubuntu/raw_genomes/TOBG_SP-187.fna,2305420
TOBG_SP-188.fna,/home/ubuntu/raw_genomes/TOBG_SP-188.fna,1660234
TOBG_SP-189.fna,/home/ubuntu/raw_genomes/TOBG_SP-189.fna,1696704
TOBG_SP-18.fna,/home/ubuntu/raw_genomes/TOBG_SP-18.fna,2783358
TOBG_SP-190.fna,/home/ubuntu/raw_genomes/TOBG_SP-190.fna,1689504
TOBG_SP-191.fna,/home/ubuntu/raw_genomes/TOBG_SP-191.fna,2238706
TOBG_SP-194.fna,/home/ubuntu/raw_genomes/TOBG_SP-194.fna,4056422
TOBG_SP-196.fna,/home/ubuntu/raw_genomes/TOBG_SP-196.fna,1860284
TOBG_SP-197.fna,/home/ubuntu/raw_genomes/TOBG_SP-197.fna,3712544
TOBG_SP-19.fna,/home/ubuntu/raw_genomes/TOBG_SP-19.fna,2431853
TOBG_SP-1.fna,/home/ubuntu/raw_genomes/TOBG_SP-1.fna,2887846
TOBG_SP-201.fna,/home/ubuntu/raw_genomes/TOBG_SP-201.fna,1736712
TOBG_SP-203.fna,/home/ubuntu/raw_genomes/TOBG_SP-203.fna,3557150
TOBG_SP-204.fna,/home/ubuntu/raw_genomes/TOBG_SP-204.fna,3802615
TOBG_SP-208.fna,/home/ubuntu/raw_genomes/TOBG_SP-208.fna,1400198
TOBG_SP-20.fna,/home/ubuntu/raw_genomes/TOBG_SP-20.fna,3673197
TOBG_SP-210.fna,/home/ubuntu/raw_genomes/TOBG_SP-210.fna,1641616
TOBG_SP-213.fna,/home/ubuntu/raw_genomes/TOBG_SP-213.fna,2475071
TOBG_SP-216.fna,/home/ubuntu/raw_genomes/TOBG_SP-216.fna,2629786
TOBG_SP-218.fna,/home/ubuntu/raw_genomes/TOBG_SP-218.fna,2144486
TOBG_SP-219.fna,/home/ubuntu/raw_genomes/TOBG_SP-219.fna,2467670
TOBG_SP-21.fna,/home/ubuntu/raw_genomes/TOBG_SP-21.fna,3997395
TOBG_SP-222.fna,/home/ubuntu/raw_genomes/TOBG_SP-222.fna,2565722
TOBG_SP-224.fna,/home/ubuntu/raw_genomes/TOBG_SP-224.fna,2484032
TOBG_SP-22.fna,/home/ubuntu/raw_genomes/TOBG_SP-22.fna,979180
TOBG_SP-232.fna,/home/ubuntu/raw_genomes/TOBG_SP-232.fna,2730635
TOBG_SP-234.fna,/home/ubuntu/raw_genomes/TOBG_SP-234.fna,4601103
TOBG_SP-237.fna,/home/ubuntu/raw_genomes/TOBG_SP-237.fna,2773625
TOBG_SP-238.fna,/home/ubuntu/raw_genomes/TOBG_SP-238.fna,2717702
TOBG_SP-23.fna,/home/ubuntu/raw_genomes/TOBG_SP-23.fna,3720822
TOBG_SP-240.fna,/home/ubuntu/raw_genomes/TOBG_SP-240.fna,1715815
TOBG_SP-241.fna,/home/ubuntu/raw_genomes/TOBG_SP-241.fna,3541024
TOBG_SP-242.fna,/home/ubuntu/raw_genomes/TOBG_SP-242.fna,4161290
TOBG_SP-243.fna,/home/ubuntu/raw_genomes/TOBG_SP-243.fna,1595988
TOBG_SP-244.fna,/home/ubuntu/raw_genomes/TOBG_SP-244.fna,3527612
TOBG_SP-245.fna,/home/ubuntu/raw_genomes/TOBG_SP-245.fna,4741554
TOBG_SP-246.fna,/home/ubuntu/raw_genomes/TOBG_SP-246.fna,2948989
TOBG_SP-247.fna,/home/ubuntu/raw_genomes/TOBG_SP-247.fna,3208965
TOBG_SP-248.fna,/home/ubuntu/raw_genomes/TOBG_SP-248.fna,981310
TOBG_SP-249.fna,/home/ubuntu/raw_genomes/TOBG_SP-249.fna,1379901
TOBG_SP-24.fna,/home/ubuntu/raw_genomes/TOBG_SP-24.fna,1549675
TOBG_SP-250.fna,/home/ubuntu/raw_genomes/TOBG_SP-250.fna,3000463
TOBG_SP-253.fna,/home/ubuntu/raw_genomes/TOBG_SP-253.fna,2060798
TOBG_SP-256.fna,/home/ubuntu/raw_genomes/TOBG_SP-256.fna,1426555
TOBG_SP-257.fna,/home/ubuntu/raw_genomes/TOBG_SP-257.fna,1460664
TOBG_SP-258.fna,/home/ubuntu/raw_genomes/TOBG_SP-258.fna,3976579
TOBG_SP-259.fna,/home/ubuntu/raw_genomes/TOBG_SP-259.fna,2338586
TOBG_SP-262.fna,/home/ubuntu/raw_genomes/TOBG_SP-262.fna,1647144
TOBG_SP-263.fna,/home/ubuntu/raw_genomes/TOBG_SP-263.fna,2016084
TOBG_SP-267.fna,/home/ubuntu/raw_genomes/TOBG_SP-267.fna,1712152
TOBG_SP-269.fna,/home/ubuntu/raw_genomes/TOBG_SP-269.fna,3110986
TOBG_SP-26.fna,/home/ubuntu/raw_genomes/TOBG_SP-26.fna,2793604
TOBG_SP-272.fna,/home/ubuntu/raw_genomes/TOBG_SP-272.fna,1935643
TOBG_SP-274.fna,/home/ubuntu/raw_genomes/TOBG_SP-274.fna,3217930
TOBG_SP-275.fna,/home/ubuntu/raw_genomes/TOBG_SP-275.fna,3873455
TOBG_SP-279.fna,/home/ubuntu/raw_genomes/TOBG_SP-279.fna,2156134
TOBG_SP-27.fna,/home/ubuntu/raw_genomes/TOBG_SP-27.fna,1204724
TOBG_SP-281.fna,/home/ubuntu/raw_genomes/TOBG_SP-281.fna,1941723
TOBG_SP-282.fna,/home/ubuntu/raw_genomes/TOBG_SP-282.fna,1623259
TOBG_SP-283.fna,/home/ubuntu/raw_genomes/TOBG_SP-283.fna,2147645
TOBG_SP-284.fna,/home/ubuntu/raw_genomes/TOBG_SP-284.fna,1777664
TOBG_SP-285.fna,/home/ubuntu/raw_genomes/TOBG_SP-285.fna,1764392
TOBG_SP-288.fna,/home/ubuntu/raw_genomes/TOBG_SP-288.fna,3667612
TOBG_SP-289.fna,/home/ubuntu/raw_genomes/TOBG_SP-289.fna,1485911
TOBG_SP-28.fna,/home/ubuntu/raw_genomes/TOBG_SP-28.fna,4041891
TOBG_SP-291.fna,/home/ubuntu/raw_genomes/TOBG_SP-291.fna,4617483
TOBG_SP-292.fna,/home/ubuntu/raw_genomes/TOBG_SP-292.fna,2172123
TOBG_SP-293.fna,/home/ubuntu/raw_genomes/TOBG_SP-293.fna,2111649
TOBG_SP-295.fna,/home/ubuntu/raw_genomes/TOBG_SP-295.fna,2484299
TOBG_SP-2970.fna,/home/ubuntu/raw_genomes/TOBG_SP-2970.fna,2259481
TOBG_SP-2972.fna,/home/ubuntu/raw_genomes/TOBG_SP-2972.fna,1146920
TOBG_SP-2975.fna,/home/ubuntu/raw_genomes/TOBG_SP-2975.fna,1489623
TOBG_SP-2978.fna,/home/ubuntu/raw_genomes/TOBG_SP-2978.fna,3127694
TOBG_SP-2979.fna,/home/ubuntu/raw_genomes/TOBG_SP-2979.fna,2725831
TOBG_SP-2982.fna,/home/ubuntu/raw_genomes/TOBG_SP-2982.fna,3920627
TOBG_SP-2983.fna,/home/ubuntu/raw_genomes/TOBG_SP-2983.fna,1428613
TOBG_SP-2985.fna,/home/ubuntu/raw_genomes/TOBG_SP-2985.fna,3580267
TOBG_SP-2989.fna,/home/ubuntu/raw_genomes/TOBG_SP-2989.fna,1718797
TOBG_SP-2999.fna,/home/ubuntu/raw_genomes/TOBG_SP-2999.fna,4908770
TOBG_SP-299.fna,/home/ubuntu/raw_genomes/TOBG_SP-299.fna,1677714
TOBG_SP-29.fna,/home/ubuntu/raw_genomes/TOBG_SP-29.fna,1666069
TOBG_SP-2.fna,/home/ubuntu/raw_genomes/TOBG_SP-2.fna,3140658
TOBG_SP-3003.fna,/home/ubuntu/raw_genomes/TOBG_SP-3003.fna,2418508
TOBG_SP-3004.fna,/home/ubuntu/raw_genomes/TOBG_SP-3004.fna,1594079
TOBG_SP-3013.fna,/home/ubuntu/raw_genomes/TOBG_SP-3013.fna,2005348
TOBG_SP-3014.fna,/home/ubuntu/raw_genomes/TOBG_SP-3014.fna,1669517
TOBG_SP-3017.fna,/home/ubuntu/raw_genomes/TOBG_SP-3017.fna,2465451
TOBG_SP-3018.fna,/home/ubuntu/raw_genomes/TOBG_SP-3018.fna,3629169
TOBG_SP-301.fna,/home/ubuntu/raw_genomes/TOBG_SP-301.fna,1403377
TOBG_SP-3021.fna,/home/ubuntu/raw_genomes/TOBG_SP-3021.fna,2758833
TOBG_SP-3023.fna,/home/ubuntu/raw_genomes/TOBG_SP-3023.fna,2572992
TOBG_SP-3024.fna,/home/ubuntu/raw_genomes/TOBG_SP-3024.fna,1815283
TOBG_SP-3028.fna,/home/ubuntu/raw_genomes/TOBG_SP-3028.fna,1835621
TOBG_SP-3029.fna,/home/ubuntu/raw_genomes/TOBG_SP-3029.fna,1620563
TOBG_SP-3030.fna,/home/ubuntu/raw_genomes/TOBG_SP-3030.fna,3364662
TOBG_SP-3031.fna,/home/ubuntu/raw_genomes/TOBG_SP-3031.fna,3248353
TOBG_SP-3035.fna,/home/ubuntu/raw_genomes/TOBG_SP-3035.fna,4081570
TOBG_SP-3037.fna,/home/ubuntu/raw_genomes/TOBG_SP-3037.fna,4470947
TOBG_SP-3040.fna,/home/ubuntu/raw_genomes/TOBG_SP-3040.fna,2102722
TOBG_SP-3041.fna,/home/ubuntu/raw_genomes/TOBG_SP-3041.fna,1271263
TOBG_SP-3044.fna,/home/ubuntu/raw_genomes/TOBG_SP-3044.fna,1193812
TOBG_SP-3046.fna,/home/ubuntu/raw_genomes/TOBG_SP-3046.fna,1524246
TOBG_SP-3048.fna,/home/ubuntu/raw_genomes/TOBG_SP-3048.fna,3353924
TOBG_SP-304.fna,/home/ubuntu/raw_genomes/TOBG_SP-304.fna,2319253
TOBG_SP-3055.fna,/home/ubuntu/raw_genomes/TOBG_SP-3055.fna,1702214
TOBG_SP-3059.fna,/home/ubuntu/raw_genomes/TOBG_SP-3059.fna,1918464
TOBG_SP-305.fna,/home/ubuntu/raw_genomes/TOBG_SP-305.fna,1518385
TOBG_SP-3060.fna,/home/ubuntu/raw_genomes/TOBG_SP-3060.fna,1455265
TOBG_SP-3063.fna,/home/ubuntu/raw_genomes/TOBG_SP-3063.fna,1474404
TOBG_SP-3068.fna,/home/ubuntu/raw_genomes/TOBG_SP-3068.fna,1562263
TOBG_SP-306.fna,/home/ubuntu/raw_genomes/TOBG_SP-306.fna,4169013
TOBG_SP-3070.fna,/home/ubuntu/raw_genomes/TOBG_SP-3070.fna,2719402
TOBG_SP-3072.fna,/home/ubuntu/raw_genomes/TOBG_SP-3072.fna,3615531
TOBG_SP-3073.fna,/home/ubuntu/raw_genomes/TOBG_SP-3073.fna,1343137
TOBG_SP-3074.fna,/home/ubuntu/raw_genomes/TOBG_SP-3074.fna,1674391
TOBG_SP-3083.fna,/home/ubuntu/raw_genomes/TOBG_SP-3083.fna,6383855
TOBG_SP-3084.fna,/home/ubuntu/raw_genomes/TOBG_SP-3084.fna,5851096
TOBG_SP-3094.fna,/home/ubuntu/raw_genomes/TOBG_SP-3094.fna,3710692
TOBG_SP-3097.fna,/home/ubuntu/raw_genomes/TOBG_SP-3097.fna,2117628
TOBG_SP-3098.fna,/home/ubuntu/raw_genomes/TOBG_SP-3098.fna,1749664
TOBG_SP-30.fna,/home/ubuntu/raw_genomes/TOBG_SP-30.fna,2631522
TOBG_SP-3103.fna,/home/ubuntu/raw_genomes/TOBG_SP-3103.fna,2784006
TOBG_SP-3105.fna,/home/ubuntu/raw_genomes/TOBG_SP-3105.fna,1457926
TOBG_SP-3109.fna,/home/ubuntu/raw_genomes/TOBG_SP-3109.fna,1778411
TOBG_SP-3111.fna,/home/ubuntu/raw_genomes/TOBG_SP-3111.fna,2695991
TOBG_SP-3112.fna,/home/ubuntu/raw_genomes/TOBG_SP-3112.fna,1744466
TOBG_SP-3118.fna,/home/ubuntu/raw_genomes/TOBG_SP-3118.fna,1946822
TOBG_SP-3119.fna,/home/ubuntu/raw_genomes/TOBG_SP-3119.fna,1661159
TOBG_SP-311.fna,/home/ubuntu/raw_genomes/TOBG_SP-311.fna,2021477
TOBG_SP-312.fna,/home/ubuntu/raw_genomes/TOBG_SP-312.fna,3031767
TOBG_SP-316.fna,/home/ubuntu/raw_genomes/TOBG_SP-316.fna,1300963
TOBG_SP-319.fna,/home/ubuntu/raw_genomes/TOBG_SP-319.fna,1279897
TOBG_SP-31.fna,/home/ubuntu/raw_genomes/TOBG_SP-31.fna,3173152
TOBG_SP-320.fna,/home/ubuntu/raw_genomes/TOBG_SP-320.fna,1299712
TOBG_SP-328.fna,/home/ubuntu/raw_genomes/TOBG_SP-328.fna,1490868
TOBG_SP-32.fna,/home/ubuntu/raw_genomes/TOBG_SP-32.fna,4535791
TOBG_SP-330.fna,/home/ubuntu/raw_genomes/TOBG_SP-330.fna,2643743
TOBG_SP-331.fna,/home/ubuntu/raw_genomes/TOBG_SP-331.fna,1345329
TOBG_SP-332.fna,/home/ubuntu/raw_genomes/TOBG_SP-332.fna,4423858
TOBG_SP-333.fna,/home/ubuntu/raw_genomes/TOBG_SP-333.fna,3014278
TOBG_SP-334.fna,/home/ubuntu/raw_genomes/TOBG_SP-334.fna,2135264
TOBG_SP-335.fna,/home/ubuntu/raw_genomes/TOBG_SP-335.fna,1506851
TOBG_SP-337.fna,/home/ubuntu/raw_genomes/TOBG_SP-337.fna,1404973
TOBG_SP-340.fna,/home/ubuntu/raw_genomes/TOBG_SP-340.fna,3203335
TOBG_SP-341.fna,/home/ubuntu/raw_genomes/TOBG_SP-341.fna,1899875
TOBG_SP-342.fna,/home/ubuntu/raw_genomes/TOBG_SP-342.fna,1381570
TOBG_SP-343.fna,/home/ubuntu/raw_genomes/TOBG_SP-343.fna,1985284
TOBG_SP-344.fna,/home/ubuntu/raw_genomes/TOBG_SP-344.fna,1437644
TOBG_SP-348.fna,/home/ubuntu/raw_genomes/TOBG_SP-348.fna,2222761
TOBG_SP-349.fna,/home/ubuntu/raw_genomes/TOBG_SP-349.fna,2005130
TOBG_SP-34.fna,/home/ubuntu/raw_genomes/TOBG_SP-34.fna,4523946
TOBG_SP-350.fna,/home/ubuntu/raw_genomes/TOBG_SP-350.fna,2653514
TOBG_SP-351.fna,/home/ubuntu/raw_genomes/TOBG_SP-351.fna,1869266
TOBG_SP-354.fna,/home/ubuntu/raw_genomes/TOBG_SP-354.fna,2776252
TOBG_SP-358.fna,/home/ubuntu/raw_genomes/TOBG_SP-358.fna,2030970
TOBG_SP-35.fna,/home/ubuntu/raw_genomes/TOBG_SP-35.fna,3616561
TOBG_SP-360.fna,/home/ubuntu/raw_genomes/TOBG_SP-360.fna,3832756
TOBG_SP-362.fna,/home/ubuntu/raw_genomes/TOBG_SP-362.fna,2293790
TOBG_SP-37.fna,/home/ubuntu/raw_genomes/TOBG_SP-37.fna,4100193
TOBG_SP-38.fna,/home/ubuntu/raw_genomes/TOBG_SP-38.fna,1144502
TOBG_SP-3966.fna,/home/ubuntu/raw_genomes/TOBG_SP-3966.fna,2268868
TOBG_SP-3971.fna,/home/ubuntu/raw_genomes/TOBG_SP-3971.fna,1284142
TOBG_SP-3982.fna,/home/ubuntu/raw_genomes/TOBG_SP-3982.fna,3238912
TOBG_SP-3983.fna,/home/ubuntu/raw_genomes/TOBG_SP-3983.fna,4136009
TOBG_SP-3984.fna,/home/ubuntu/raw_genomes/TOBG_SP-3984.fna,2007118
TOBG_SP-3992.fna,/home/ubuntu/raw_genomes/TOBG_SP-3992.fna,699700
TOBG_SP-39.fna,/home/ubuntu/raw_genomes/TOBG_SP-39.fna,1261452
TOBG_SP-3.fna,/home/ubuntu/raw_genomes/TOBG_SP-3.fna,3575202
TOBG_SP-4023.fna,/home/ubuntu/raw_genomes/TOBG_SP-4023.fna,3249496
TOBG_SP-4027.fna,/home/ubuntu/raw_genomes/TOBG_SP-4027.fna,3190436
TOBG_SP-4038.fna,/home/ubuntu/raw_genomes/TOBG_SP-4038.fna,1245009
TOBG_SP-4044.fna,/home/ubuntu/raw_genomes/TOBG_SP-4044.fna,1292318
TOBG_SP-4045.fna,/home/ubuntu/raw_genomes/TOBG_SP-4045.fna,1089911
TOBG_SP-4154.fna,/home/ubuntu/raw_genomes/TOBG_SP-4154.fna,1258060
TOBG_SP-4220.fna,/home/ubuntu/raw_genomes/TOBG_SP-4220.fna,1323200
TOBG_SP-4225.fna,/home/ubuntu/raw_genomes/TOBG_SP-4225.fna,1909927
TOBG_SP-4288.fna,/home/ubuntu/raw_genomes/TOBG_SP-4288.fna,1574062
TOBG_SP-4356.fna,/home/ubuntu/raw_genomes/TOBG_SP-4356.fna,1315367
TOBG_SP-4360.fna,/home/ubuntu/raw_genomes/TOBG_SP-4360.fna,1683532
TOBG_SP-4365.fna,/home/ubuntu/raw_genomes/TOBG_SP-4365.fna,3067623
TOBG_SP-4366.fna,/home/ubuntu/raw_genomes/TOBG_SP-4366.fna,2793593
TOBG_SP-4369.fna,/home/ubuntu/raw_genomes/TOBG_SP-4369.fna,1821255
TOBG_SP-4379.fna,/home/ubuntu/raw_genomes/TOBG_SP-4379.fna,1264697
TOBG_SP-4387.fna,/home/ubuntu/raw_genomes/TOBG_SP-4387.fna,3354005
TOBG_SP-4388.fna,/home/ubuntu/raw_genomes/TOBG_SP-4388.fna,3031464
TOBG_SP-43.fna,/home/ubuntu/raw_genomes/TOBG_SP-43.fna,2350912
TOBG_SP-45.fna,/home/ubuntu/raw_genomes/TOBG_SP-45.fna,3674042
TOBG_SP-47.fna,/home/ubuntu/raw_genomes/TOBG_SP-47.fna,1497536
TOBG_SP-486.fna,/home/ubuntu/raw_genomes/TOBG_SP-486.fna,1130614
TOBG_SP-52.fna,/home/ubuntu/raw_genomes/TOBG_SP-52.fna,3645475
TOBG_SP-56.fna,/home/ubuntu/raw_genomes/TOBG_SP-56.fna,1399098
TOBG_SP-57.fna,/home/ubuntu/raw_genomes/TOBG_SP-57.fna,2980545
TOBG_SP-5.fna,/home/ubuntu/raw_genomes/TOBG_SP-5.fna,6081546
TOBG_SP-60.fna,/home/ubuntu/raw_genomes/TOBG_SP-60.fna,3029302
TOBG_SP-61.fna,/home/ubuntu/raw_genomes/TOBG_SP-61.fna,3649144
TOBG_SP-62.fna,/home/ubuntu/raw_genomes/TOBG_SP-62.fna,2932452
TOBG_SP-63.fna,/home/ubuntu/raw_genomes/TOBG_SP-63.fna,3474921
TOBG_SP-64.fna,/home/ubuntu/raw_genomes/TOBG_SP-64.fna,3563167
TOBG_SP-69.fna,/home/ubuntu/raw_genomes/TOBG_SP-69.fna,1354892
TOBG_SP-70.fna,/home/ubuntu/raw_genomes/TOBG_SP-70.fna,4898945
TOBG_SP-71.fna,/home/ubuntu/raw_genomes/TOBG_SP-71.fna,1372768
TOBG_SP-73.fna,/home/ubuntu/raw_genomes/TOBG_SP-73.fna,3401106
TOBG_SP-74.fna,/home/ubuntu/raw_genomes/TOBG_SP-74.fna,3804900
TOBG_SP-75.fna,/home/ubuntu/raw_genomes/TOBG_SP-75.fna,2802668
TOBG_SP-76.fna,/home/ubuntu/raw_genomes/TOBG_SP-76.fna,2996524
TOBG_SP-78.fna,/home/ubuntu/raw_genomes/TOBG_SP-78.fna,1781988
TOBG_SP-81.fna,/home/ubuntu/raw_genomes/TOBG_SP-81.fna,1695481
TOBG_SP-82.fna,/home/ubuntu/raw_genomes/TOBG_SP-82.fna,2327368
TOBG_SP-84.fna,/home/ubuntu/raw_genomes/TOBG_SP-84.fna,3349955
TOBG_SP-85.fna,/home/ubuntu/raw_genomes/TOBG_SP-85.fna,3920992
TOBG_SP-86.fna,/home/ubuntu/raw_genomes/TOBG_SP-86.fna,2669531
TOBG_SP-88.fna,/home/ubuntu/raw_genomes/TOBG_SP-88.fna,1576740
TOBG_SP-89.fna,/home/ubuntu/raw_genomes/TOBG_SP-89.fna,2450610
TOBG_SP-8.fna,/home/ubuntu/raw_genomes/TOBG_SP-8.fna,4782217
TOBG_SP-93.fna,/home/ubuntu/raw_genomes/TOBG_SP-93.fna,2739896
TOBG_SP-94.fna,/home/ubuntu/raw_genomes/TOBG_SP-94.fna,1668993
TOBG_SP-96.fna,/home/ubuntu/raw_genomes/TOBG_SP-96.fna,2533721
TOBG_SP-97.fna,/home/ubuntu/raw_genomes/TOBG_SP-97.fna,7154299
TOBG_SP-98.fna,/home/ubuntu/raw_genomes/TOBG_SP-98.fna,2556368
