genome,secondary_cluster,threshold,cluster_method,comparison_algorithm,primary_cluster
TOBG_SAT-176.fna,1_0,0.050000000000000044,average,fastANI,1
TOBG_SP-4038.fna,2_0,0.050000000000000044,average,fastANI,2
TOBG_NAT-124.fna,3_0,0.050000000000000044,average,fastANI,3
TOBG_SP-109.fna,4_0,0.050000000000000044,average,fastANI,4
TOBG_ARS-123.fna,5_1,0.050000000000000044,average,fastANI,5
TOBG_EAC-65.fna,5_1,0.050000000000000044,average,fastANI,5
TOBG_IN-1213.fna,5_1,0.050000000000000044,average,fastANI,5
TOBG_RS-817.fna,5_1,0.050000000000000044,average,fastANI,5
TOBG_EAC-2021.fna,6_1,0.050000000000000044,average,fastANI,6
TOBG_NAT-206.fna,6_1,0.050000000000000044,average,fastANI,6
TOBG_SAT-1448.fna,6_1,0.050000000000000044,average,fastANI,6
TOBG_SAT-1449.fna,7_0,0.050000000000000044,average,fastANI,7
TOBG_NAT-168.fna,8_0,0.050000000000000044,average,fastANI,8
TOBG_SAT-213.fna,9_0,0.050000000000000044,average,fastANI,9
TOBG_CPC-71.fna,10_1,0.050000000000000044,average,fastANI,10
TOBG_SP-97.fna,10_1,0.050000000000000044,average,fastANI,10
TOBG_EAC-63.fna,11_1,0.050000000000000044,average,fastANI,11
TOBG_IN-13.fna,11_1,0.050000000000000044,average,fastANI,11
TOBG_SP-3018.fna,11_1,0.050000000000000044,average,fastANI,11
TOBG_SP-119.fna,12_0,0.050000000000000044,average,fastANI,12
TOBG_ARS-51.fna,13_1,0.050000000000000044,average,fastANI,13
TOBG_NP-5.fna,13_1,0.050000000000000044,average,fastANI,13
TOBG_SAT-227.fna,14_0,0.050000000000000044,average,fastANI,14
TOBG_ARS-1168.fna,15_0,0.050000000000000044,average,fastANI,15
TOBG_NP-77.fna,16_0,0.050000000000000044,average,fastANI,16
TOBG_ARS-1330.fna,17_0,0.050000000000000044,average,fastANI,17
TOBG_NAT-117.fna,18_0,0.050000000000000044,average,fastANI,18
TOBG_NAT-290.fna,19_0,0.050000000000000044,average,fastANI,19
TOBG_RS-363.fna,20_0,0.050000000000000044,average,fastANI,20
TOBG_RS-415.fna,21_0,0.050000000000000044,average,fastANI,21
TOBG_MED-632.fna,22_1,0.050000000000000044,average,fastANI,22
TOBG_SAT-1415.fna,22_1,0.050000000000000044,average,fastANI,22
TOBG_NP-79.fna,23_0,0.050000000000000044,average,fastANI,23
TOBG_IN-47.fna,24_0,0.050000000000000044,average,fastANI,24
TOBG_NP-122.fna,25_0,0.050000000000000044,average,fastANI,25
TOBG_SAT-1331.fna,26_0,0.050000000000000044,average,fastANI,26
TOBG_ARS-46.fna,27_0,0.050000000000000044,average,fastANI,27
TOBG_NP-54.fna,28_0,0.050000000000000044,average,fastANI,28
TOBG_NP-97.fna,29_1,0.050000000000000044,average,fastANI,29
TOBG_SP-340.fna,29_1,0.050000000000000044,average,fastANI,29
TOBG_NP-138.fna,30_0,0.050000000000000044,average,fastANI,30
TOBG_NAT-225.fna,31_0,0.050000000000000044,average,fastANI,31
TOBG_RS-464.fna,32_0,0.050000000000000044,average,fastANI,32
TOBG_SP-183.fna,33_0,0.050000000000000044,average,fastANI,33
TOBG_ARS-81.fna,34_0,0.050000000000000044,average,fastANI,34
TOBG_SP-274.fna,35_0,0.050000000000000044,average,fastANI,35
TOBG_CPC-1.fna,36_0,0.050000000000000044,average,fastANI,36
TOBG_ARS-1360.fna,37_0,0.050000000000000044,average,fastANI,37
TOBG_MED-609.fna,38_0,0.050000000000000044,average,fastANI,38
TOBG_NAT-2.fna,39_0,0.050000000000000044,average,fastANI,39
TOBG_SAT-177.fna,40_0,0.050000000000000044,average,fastANI,40
TOBG_NP-973.fna,41_0,0.050000000000000044,average,fastANI,41
TOBG_SP-334.fna,42_0,0.050000000000000044,average,fastANI,42
TOBG_ARS-66.fna,43_0,0.050000000000000044,average,fastANI,43
TOBG_SP-3084.fna,44_0,0.050000000000000044,average,fastANI,44
TOBG_ARS-120.fna,45_0,0.050000000000000044,average,fastANI,45
TOBG_NP-36.fna,46_0,0.050000000000000044,average,fastANI,46
TOBG_NP-85.fna,47_0,0.050000000000000044,average,fastANI,47
TOBG_NP-951.fna,48_0,0.050000000000000044,average,fastANI,48
TOBG_SP-4225.fna,49_0,0.050000000000000044,average,fastANI,49
TOBG_MED-694.fna,50_0,0.050000000000000044,average,fastANI,50
TOBG_SAT-152.fna,51_0,0.050000000000000044,average,fastANI,51
TOBG_NAT-185.fna,52_0,0.050000000000000044,average,fastANI,52
TOBG_NAT-6.fna,53_1,0.050000000000000044,average,fastANI,53
TOBG_SP-112.fna,53_1,0.050000000000000044,average,fastANI,53
TOBG_NP-124.fna,54_0,0.050000000000000044,average,fastANI,54
TOBG_NP-6.fna,55_0,0.050000000000000044,average,fastANI,55
TOBG_NP-4.fna,56_0,0.050000000000000044,average,fastANI,56
TOBG_RS-652.fna,57_1,0.050000000000000044,average,fastANI,57
TOBG_SAT-1366.fna,57_1,0.050000000000000044,average,fastANI,57
TOBG_SP-311.fna,57_1,0.050000000000000044,average,fastANI,57
TOBG_EAC-635.fna,58_1,0.050000000000000044,average,fastANI,58
TOBG_NP-105.fna,58_1,0.050000000000000044,average,fastANI,58
TOBG_SP-3003.fna,59_0,0.050000000000000044,average,fastANI,59
TOBG_SP-191.fna,60_0,0.050000000000000044,average,fastANI,60
TOBG_RS-815.fna,61_1,0.050000000000000044,average,fastANI,61
TOBG_SP-4379.fna,61_1,0.050000000000000044,average,fastANI,61
TOBG_SAT-1369.fna,62_0,0.050000000000000044,average,fastANI,62
TOBG_NAT-280.fna,63_1,0.050000000000000044,average,fastANI,63
TOBG_RS-458.fna,63_1,0.050000000000000044,average,fastANI,63
TOBG_SP-2970.fna,63_2,0.050000000000000044,average,fastANI,63
TOBG_SP-204.fna,64_0,0.050000000000000044,average,fastANI,64
TOBG_RS-381.fna,65_1,0.050000000000000044,average,fastANI,65
TOBG_SP-3013.fna,65_2,0.050000000000000044,average,fastANI,65
TOBG_NP-954.fna,66_0,0.050000000000000044,average,fastANI,66
TOBG_SAT-1359.fna,67_0,0.050000000000000044,average,fastANI,67
TOBG_ARS-4.fna,68_0,0.050000000000000044,average,fastANI,68
TOBG_MED-841.fna,69_0,0.050000000000000044,average,fastANI,69
TOBG_SAT-33.fna,70_0,0.050000000000000044,average,fastANI,70
TOBG_NAT-141.fna,71_0,0.050000000000000044,average,fastANI,71
TOBG_EAC-75.fna,72_0,0.050000000000000044,average,fastANI,72
TOBG_MED-830.fna,73_0,0.050000000000000044,average,fastANI,73
TOBG_ARS-11.fna,74_0,0.050000000000000044,average,fastANI,74
TOBG_MED-752.fna,75_0,0.050000000000000044,average,fastANI,75
TOBG_ARS-33.fna,76_0,0.050000000000000044,average,fastANI,76
TOBG_SP-4369.fna,77_0,0.050000000000000044,average,fastANI,77
TOBG_CPC-73.fna,78_0,0.050000000000000044,average,fastANI,78
TOBG_CPC-75.fna,79_0,0.050000000000000044,average,fastANI,79
TOBG_ARS-34.fna,80_0,0.050000000000000044,average,fastANI,80
TOBG_SP-15.fna,81_0,0.050000000000000044,average,fastANI,81
TOBG_NAT-129.fna,82_1,0.050000000000000044,average,fastANI,82
TOBG_SP-244.fna,82_1,0.050000000000000044,average,fastANI,82
TOBG_NAT-130.fna,83_0,0.050000000000000044,average,fastANI,83
TOBG_SAT-114.fna,84_0,0.050000000000000044,average,fastANI,84
TOBG_SAT-3021.fna,85_0,0.050000000000000044,average,fastANI,85
TOBG_RS-386.fna,86_1,0.050000000000000044,average,fastANI,86
TOBG_SAT-126.fna,86_2,0.050000000000000044,average,fastANI,86
TOBG_MED-778.fna,87_0,0.050000000000000044,average,fastANI,87
TOBG_NAT-22.fna,88_0,0.050000000000000044,average,fastANI,88
TOBG_SP-10.fna,89_0,0.050000000000000044,average,fastANI,89
TOBG_NP-1463.fna,90_1,0.050000000000000044,average,fastANI,90
TOBG_SAT-162.fna,90_1,0.050000000000000044,average,fastANI,90
TOBG_ARS-1032.fna,91_0,0.050000000000000044,average,fastANI,91
TOBG_NP-113.fna,92_0,0.050000000000000044,average,fastANI,92
TOBG_ARS-76.fna,93_0,0.050000000000000044,average,fastANI,93
TOBG_IN-921.fna,94_0,0.050000000000000044,average,fastANI,94
TOBG_NP-117.fna,95_0,0.050000000000000044,average,fastANI,95
TOBG_NP-81.fna,96_0,0.050000000000000044,average,fastANI,96
TOBG_IN-42.fna,97_0,0.050000000000000044,average,fastANI,97
TOBG_CPC-96.fna,98_0,0.050000000000000044,average,fastANI,98
TOBG_SP-4366.fna,99_0,0.050000000000000044,average,fastANI,99
TOBG_NP-37.fna,100_0,0.050000000000000044,average,fastANI,100
TOBG_EAC-43.fna,101_1,0.050000000000000044,average,fastANI,101
TOBG_SP-184.fna,101_1,0.050000000000000044,average,fastANI,101
TOBG_SAT-56.fna,102_0,0.050000000000000044,average,fastANI,102
TOBG_SP-121.fna,103_0,0.050000000000000044,average,fastANI,103
TOBG_SP-110.fna,104_0,0.050000000000000044,average,fastANI,104
TOBG_CPC-297.fna,105_0,0.050000000000000044,average,fastANI,105
TOBG_MED-708.fna,106_0,0.050000000000000044,average,fastANI,106
TOBG_CPC-85.fna,107_0,0.050000000000000044,average,fastANI,107
TOBG_CPC-29.fna,108_0,0.050000000000000044,average,fastANI,108
TOBG_SP-137.fna,109_0,0.050000000000000044,average,fastANI,109
TOBG_SP-4365.fna,110_0,0.050000000000000044,average,fastANI,110
TOBG_CPC-86.fna,111_0,0.050000000000000044,average,fastANI,111
TOBG_SP-96.fna,112_0,0.050000000000000044,average,fastANI,112
TOBG_MED-580.fna,113_0,0.050000000000000044,average,fastANI,113
TOBG_MED-671.fna,114_0,0.050000000000000044,average,fastANI,114
TOBG_MED-608.fna,115_0,0.050000000000000044,average,fastANI,115
TOBG_SP-135.fna,116_0,0.050000000000000044,average,fastANI,116
TOBG_NAT-13.fna,117_1,0.050000000000000044,average,fastANI,117
TOBG_RS-384.fna,117_1,0.050000000000000044,average,fastANI,117
TOBG_MED-660.fna,118_0,0.050000000000000044,average,fastANI,118
TOBG_NAT-19.fna,119_1,0.050000000000000044,average,fastANI,119
TOBG_NP-103.fna,119_1,0.050000000000000044,average,fastANI,119
TOBG_MED-719.fna,120_0,0.050000000000000044,average,fastANI,120
TOBG_SP-5.fna,121_0,0.050000000000000044,average,fastANI,121
TOBG_NAT-131.fna,122_0,0.050000000000000044,average,fastANI,122
TOBG_NAT-8.fna,123_0,0.050000000000000044,average,fastANI,123
TOBG_EAC-647.fna,124_0,0.050000000000000044,average,fastANI,124
TOBG_NAT-178.fna,125_0,0.050000000000000044,average,fastANI,125
TOBG_SP-161.fna,126_0,0.050000000000000044,average,fastANI,126
TOBG_RS-383.fna,127_0,0.050000000000000044,average,fastANI,127
TOBG_RS-395.fna,128_0,0.050000000000000044,average,fastANI,128
TOBG_NP-87.fna,129_0,0.050000000000000044,average,fastANI,129
TOBG_ARS-63.fna,130_0,0.050000000000000044,average,fastANI,130
TOBG_CPC-51.fna,131_0,0.050000000000000044,average,fastANI,131
TOBG_NP-109.fna,132_0,0.050000000000000044,average,fastANI,132
TOBG_NP-33.fna,133_0,0.050000000000000044,average,fastANI,133
TOBG_SAT-52.fna,134_0,0.050000000000000044,average,fastANI,134
TOBG_NAT-253.fna,135_0,0.050000000000000044,average,fastANI,135
TOBG_NAT-7.fna,136_0,0.050000000000000044,average,fastANI,136
TOBG_NAT-239.fna,137_0,0.050000000000000044,average,fastANI,137
TOBG_MED-637.fna,138_1,0.050000000000000044,average,fastANI,138
TOBG_NP-52.fna,138_1,0.050000000000000044,average,fastANI,138
TOBG_ARS-30.fna,138_2,0.050000000000000044,average,fastANI,138
TOBG_IN-43.fna,138_2,0.050000000000000044,average,fastANI,138
TOBG_RS-404.fna,138_2,0.050000000000000044,average,fastANI,138
TOBG_NAT-116.fna,139_1,0.050000000000000044,average,fastANI,139
TOBG_NP-25.fna,139_1,0.050000000000000044,average,fastANI,139
TOBG_IN-25.fna,140_0,0.050000000000000044,average,fastANI,140
TOBG_NP-56.fna,141_0,0.050000000000000044,average,fastANI,141
TOBG_CPC-81.fna,142_1,0.050000000000000044,average,fastANI,142
TOBG_EAC-707.fna,142_1,0.050000000000000044,average,fastANI,142
TOBG_NAT-201.fna,142_1,0.050000000000000044,average,fastANI,142
TOBG_NP-140.fna,142_1,0.050000000000000044,average,fastANI,142
TOBG_SAT-1611.fna,142_1,0.050000000000000044,average,fastANI,142
TOBG_EAC-103.fna,143_0,0.050000000000000044,average,fastANI,143
TOBG_SAT-46.fna,144_0,0.050000000000000044,average,fastANI,144
TOBG_NAT-169.fna,145_0,0.050000000000000044,average,fastANI,145
TOBG_RS-357.fna,146_1,0.050000000000000044,average,fastANI,146
TOBG_SP-349.fna,146_1,0.050000000000000044,average,fastANI,146
TOBG_RS-454.fna,147_1,0.050000000000000044,average,fastANI,147
TOBG_SP-3070.fna,147_1,0.050000000000000044,average,fastANI,147
TOBG_SP-351.fna,148_0,0.050000000000000044,average,fastANI,148
TOBG_ARS-1426.fna,149_0,0.050000000000000044,average,fastANI,149
TOBG_NP-80.fna,150_0,0.050000000000000044,average,fastANI,150
TOBG_NAT-100.fna,151_0,0.050000000000000044,average,fastANI,151
TOBG_NP-966.fna,152_0,0.050000000000000044,average,fastANI,152
TOBG_NP-106.fna,153_0,0.050000000000000044,average,fastANI,153
TOBG_ARS-1030.fna,154_1,0.050000000000000044,average,fastANI,154
TOBG_EAC-9.fna,154_1,0.050000000000000044,average,fastANI,154
TOBG_NAT-108.fna,154_2,0.050000000000000044,average,fastANI,154
TOBG_NP-57.fna,154_3,0.050000000000000044,average,fastANI,154
TOBG_ARS-17.fna,155_1,0.050000000000000044,average,fastANI,155
TOBG_NP-133.fna,155_2,0.050000000000000044,average,fastANI,155
TOBG_NAT-123.fna,156_0,0.050000000000000044,average,fastANI,156
TOBG_RS-456.fna,157_0,0.050000000000000044,average,fastANI,157
TOBG_SP-203.fna,158_0,0.050000000000000044,average,fastANI,158
TOBG_NP-936.fna,159_0,0.050000000000000044,average,fastANI,159
TOBG_SAT-150.fna,160_0,0.050000000000000044,average,fastANI,160
TOBG_RS-615.fna,161_0,0.050000000000000044,average,fastANI,161
TOBG_SP-3983.fna,162_0,0.050000000000000044,average,fastANI,162
TOBG_RS-361.fna,163_0,0.050000000000000044,average,fastANI,163
TOBG_RS-797.fna,164_0,0.050000000000000044,average,fastANI,164
TOBG_SP-197.fna,165_0,0.050000000000000044,average,fastANI,165
TOBG_SP-218.fna,166_0,0.050000000000000044,average,fastANI,166
TOBG_SP-4387.fna,167_0,0.050000000000000044,average,fastANI,167
TOBG_ARS-15.fna,168_0,0.050000000000000044,average,fastANI,168
TOBG_ARS-61.fna,169_0,0.050000000000000044,average,fastANI,169
TOBG_ARS-65.fna,170_0,0.050000000000000044,average,fastANI,170
TOBG_EAC-49.fna,171_1,0.050000000000000044,average,fastANI,171
TOBG_IN-7.fna,171_1,0.050000000000000044,average,fastANI,171
TOBG_SAT-20.fna,171_1,0.050000000000000044,average,fastANI,171
TOBG_SAT-110.fna,172_0,0.050000000000000044,average,fastANI,172
TOBG_SAT-2.fna,173_0,0.050000000000000044,average,fastANI,173
TOBG_IN-8.fna,174_0,0.050000000000000044,average,fastANI,174
TOBG_MED-672.fna,175_0,0.050000000000000044,average,fastANI,175
TOBG_SP-128.fna,176_0,0.050000000000000044,average,fastANI,176
TOBG_CPC-58.fna,177_0,0.050000000000000044,average,fastANI,177
TOBG_NP-1.fna,178_0,0.050000000000000044,average,fastANI,178
TOBG_SAT-111.fna,179_0,0.050000000000000044,average,fastANI,179
TOBG_ARS-38.fna,180_1,0.050000000000000044,average,fastANI,180
TOBG_RS-355.fna,180_1,0.050000000000000044,average,fastANI,180
TOBG_NAT-30.fna,181_1,0.050000000000000044,average,fastANI,181
TOBG_SAT-64.fna,181_2,0.050000000000000044,average,fastANI,181
TOBG_SAT-113.fna,182_1,0.050000000000000044,average,fastANI,182
TOBG_SP-288.fna,182_1,0.050000000000000044,average,fastANI,182
TOBG_SP-1.fna,183_0,0.050000000000000044,average,fastANI,183
TOBG_EAC-73.fna,184_0,0.050000000000000044,average,fastANI,184
TOBG_CPC-21.fna,185_1,0.050000000000000044,average,fastANI,185
TOBG_EAC-87.fna,185_1,0.050000000000000044,average,fastANI,185
TOBG_SP-16.fna,185_1,0.050000000000000044,average,fastANI,185
TOBG_NP-952.fna,186_0,0.050000000000000044,average,fastANI,186
TOBG_MED-856.fna,187_1,0.050000000000000044,average,fastANI,187
TOBG_SP-237.fna,187_2,0.050000000000000044,average,fastANI,187
TOBG_NP-40.fna,188_1,0.050000000000000044,average,fastANI,188
TOBG_SP-3094.fna,188_2,0.050000000000000044,average,fastANI,188
TOBG_NAT-276.fna,189_0,0.050000000000000044,average,fastANI,189
TOBG_NAT-46.fna,190_0,0.050000000000000044,average,fastANI,190
TOBG_CPC-72.fna,191_0,0.050000000000000044,average,fastANI,191
TOBG_SP-179.fna,192_0,0.050000000000000044,average,fastANI,192
TOBG_RS-697.fna,193_0,0.050000000000000044,average,fastANI,193
TOBG_SAT-1434.fna,194_0,0.050000000000000044,average,fastANI,194
TOBG_SAT-42.fna,195_0,0.050000000000000044,average,fastANI,195
TOBG_SP-125.fna,196_0,0.050000000000000044,average,fastANI,196
TOBG_EAC-36.fna,197_0,0.050000000000000044,average,fastANI,197
TOBG_ARS-31.fna,198_0,0.050000000000000044,average,fastANI,198
TOBG_IN-1311.fna,199_0,0.050000000000000044,average,fastANI,199
TOBG_SP-275.fna,200_0,0.050000000000000044,average,fastANI,200
TOBG_MED-624.fna,201_1,0.050000000000000044,average,fastANI,201
TOBG_SP-186.fna,201_2,0.050000000000000044,average,fastANI,201
TOBG_IN-28.fna,202_0,0.050000000000000044,average,fastANI,202
TOBG_MED-653.fna,203_0,0.050000000000000044,average,fastANI,203
TOBG_NAT-89.fna,204_0,0.050000000000000044,average,fastANI,204
TOBG_CPC-39.fna,205_1,0.050000000000000044,average,fastANI,205
TOBG_NAT-16.fna,205_1,0.050000000000000044,average,fastANI,205
TOBG_SP-20.fna,205_1,0.050000000000000044,average,fastANI,205
TOBG_SP-144.fna,206_0,0.050000000000000044,average,fastANI,206
TOBG_EAC-673.fna,207_1,0.050000000000000044,average,fastANI,207
TOBG_MED-702.fna,207_1,0.050000000000000044,average,fastANI,207
TOBG_CPC-7.fna,208_1,0.050000000000000044,average,fastANI,208
TOBG_EAC-632.fna,208_1,0.050000000000000044,average,fastANI,208
TOBG_IN-11.fna,208_1,0.050000000000000044,average,fastANI,208
TOBG_SAT-74.fna,208_1,0.050000000000000044,average,fastANI,208
TOBG_EAC-631.fna,209_0,0.050000000000000044,average,fastANI,209
TOBG_EAC-6.fna,210_1,0.050000000000000044,average,fastANI,210
TOBG_SAT-1309.fna,210_1,0.050000000000000044,average,fastANI,210
TOBG_SP-3031.fna,210_1,0.050000000000000044,average,fastANI,210
TOBG_NAT-113.fna,211_0,0.050000000000000044,average,fastANI,211
TOBG_MED-728.fna,212_0,0.050000000000000044,average,fastANI,212
TOBG_SP-124.fna,213_0,0.050000000000000044,average,fastANI,213
TOBG_CPC-54.fna,214_0,0.050000000000000044,average,fastANI,214
TOBG_NAT-149.fna,215_0,0.050000000000000044,average,fastANI,215
TOBG_NP-34.fna,216_0,0.050000000000000044,average,fastANI,216
TOBG_NP-43.fna,217_0,0.050000000000000044,average,fastANI,217
TOBG_ARS-3.fna,218_0,0.050000000000000044,average,fastANI,218
TOBG_NAT-212.fna,219_0,0.050000000000000044,average,fastANI,219
TOBG_EAC-71.fna,220_1,0.050000000000000044,average,fastANI,220
TOBG_NAT-209.fna,220_1,0.050000000000000044,average,fastANI,220
TOBG_SP-3021.fna,220_1,0.050000000000000044,average,fastANI,220
TOBG_EAC-2.fna,221_1,0.050000000000000044,average,fastANI,221
TOBG_IN-20.fna,221_1,0.050000000000000044,average,fastANI,221
TOBG_NP-26.fna,221_1,0.050000000000000044,average,fastANI,221
TOBG_EAC-634.fna,222_1,0.050000000000000044,average,fastANI,222
TOBG_SAT-7.fna,222_1,0.050000000000000044,average,fastANI,222
TOBG_RS-367.fna,223_0,0.050000000000000044,average,fastANI,223
TOBG_CPC-49.fna,224_1,0.050000000000000044,average,fastANI,224
TOBG_EAC-1.fna,224_1,0.050000000000000044,average,fastANI,224
TOBG_NAT-60.fna,224_1,0.050000000000000044,average,fastANI,224
TOBG_ARS-24.fna,225_1,0.050000000000000044,average,fastANI,225
TOBG_CPC-47.fna,225_1,0.050000000000000044,average,fastANI,225
TOBG_EAC-97.fna,225_1,0.050000000000000044,average,fastANI,225
TOBG_NAT-91.fna,225_1,0.050000000000000044,average,fastANI,225
TOBG_RS-397.fna,225_1,0.050000000000000044,average,fastANI,225
TOBG_ARS-1036.fna,226_0,0.050000000000000044,average,fastANI,226
TOBG_SP-246.fna,227_0,0.050000000000000044,average,fastANI,227
TOBG_SAT-22.fna,228_0,0.050000000000000044,average,fastANI,228
TOBG_NAT-20.fna,229_1,0.050000000000000044,average,fastANI,229
TOBG_SP-17.fna,229_1,0.050000000000000044,average,fastANI,229
TOBG_CPC-38.fna,230_1,0.050000000000000044,average,fastANI,230
TOBG_SP-245.fna,230_1,0.050000000000000044,average,fastANI,230
TOBG_SP-118.fna,231_0,0.050000000000000044,average,fastANI,231
TOBG_MED-587.fna,232_1,0.050000000000000044,average,fastANI,232
TOBG_NAT-28.fna,232_1,0.050000000000000044,average,fastANI,232
TOBG_RS-364.fna,232_1,0.050000000000000044,average,fastANI,232
TOBG_SAT-73.fna,232_1,0.050000000000000044,average,fastANI,232
TOBG_EAC-76.fna,233_0,0.050000000000000044,average,fastANI,233
TOBG_NAT-173.fna,234_0,0.050000000000000044,average,fastANI,234
TOBG_SAT-5.fna,235_0,0.050000000000000044,average,fastANI,235
TOBG_NAT-3.fna,236_0,0.050000000000000044,average,fastANI,236
TOBG_SAT-55.fna,237_0,0.050000000000000044,average,fastANI,237
TOBG_SAT-27.fna,238_0,0.050000000000000044,average,fastANI,238
TOBG_SAT-115.fna,239_1,0.050000000000000044,average,fastANI,239
TOBG_SP-140.fna,239_1,0.050000000000000044,average,fastANI,239
TOBG_EAC-645.fna,240_1,0.050000000000000044,average,fastANI,240
TOBG_SP-169.fna,240_1,0.050000000000000044,average,fastANI,240
TOBG_ARS-62.fna,241_1,0.050000000000000044,average,fastANI,241
TOBG_EAC-98.fna,241_1,0.050000000000000044,average,fastANI,241
TOBG_MED-1008.fna,242_0,0.050000000000000044,average,fastANI,242
TOBG_RS-422.fna,243_0,0.050000000000000044,average,fastANI,243
TOBG_NAT-33.fna,244_1,0.050000000000000044,average,fastANI,244
TOBG_NP-49.fna,244_1,0.050000000000000044,average,fastANI,244
TOBG_CPC-40.fna,245_0,0.050000000000000044,average,fastANI,245
TOBG_NAT-167.fna,246_0,0.050000000000000044,average,fastANI,246
TOBG_ARS-5.fna,247_0,0.050000000000000044,average,fastANI,247
TOBG_CPC-19.fna,248_1,0.050000000000000044,average,fastANI,248
TOBG_SAT-57.fna,248_1,0.050000000000000044,average,fastANI,248
TOBG_SP-126.fna,249_0,0.050000000000000044,average,fastANI,249
TOBG_NP-29.fna,250_0,0.050000000000000044,average,fastANI,250
TOBG_EAC-56.fna,251_0,0.050000000000000044,average,fastANI,251
TOBG_NAT-17.fna,252_0,0.050000000000000044,average,fastANI,252
TOBG_NAT-9.fna,253_1,0.050000000000000044,average,fastANI,253
TOBG_SAT-108.fna,253_1,0.050000000000000044,average,fastANI,253
TOBG_EAC-48.fna,254_1,0.050000000000000044,average,fastANI,254
TOBG_SAT-4.fna,254_1,0.050000000000000044,average,fastANI,254
TOBG_SAT-54.fna,255_0,0.050000000000000044,average,fastANI,255
TOBG_NP-10.fna,256_1,0.050000000000000044,average,fastANI,256
TOBG_SP-159.fna,256_1,0.050000000000000044,average,fastANI,256
TOBG_EAC-695.fna,257_1,0.050000000000000044,average,fastANI,257
TOBG_MED-633.fna,257_1,0.050000000000000044,average,fastANI,257
TOBG_NP-7.fna,257_1,0.050000000000000044,average,fastANI,257
TOBG_SAT-8.fna,257_1,0.050000000000000044,average,fastANI,257
TOBG_SP-57.fna,257_1,0.050000000000000044,average,fastANI,257
TOBG_SAT-37.fna,258_0,0.050000000000000044,average,fastANI,258
TOBG_SP-158.fna,259_0,0.050000000000000044,average,fastANI,259
TOBG_EAC-670.fna,260_1,0.050000000000000044,average,fastANI,260
TOBG_SAT-90.fna,260_1,0.050000000000000044,average,fastANI,260
TOBG_SAT-198.fna,261_0,0.050000000000000044,average,fastANI,261
TOBG_EAC-16.fna,262_0,0.050000000000000044,average,fastANI,262
TOBG_NAT-82.fna,263_0,0.050000000000000044,average,fastANI,263
TOBG_CPC-46.fna,264_1,0.050000000000000044,average,fastANI,264
TOBG_SAT-194.fna,264_1,0.050000000000000044,average,fastANI,264
TOBG_SP-73.fna,264_1,0.050000000000000044,average,fastANI,264
TOBG_SAT-23.fna,265_0,0.050000000000000044,average,fastANI,265
TOBG_IN-16.fna,266_0,0.050000000000000044,average,fastANI,266
TOBG_IN-22.fna,267_0,0.050000000000000044,average,fastANI,267
TOBG_CPC-25.fna,268_0,0.050000000000000044,average,fastANI,268
TOBG_EAC-77.fna,269_0,0.050000000000000044,average,fastANI,269
TOBG_NAT-170.fna,270_0,0.050000000000000044,average,fastANI,270
TOBG_CPC-32.fna,271_0,0.050000000000000044,average,fastANI,271
TOBG_EAC-683.fna,272_0,0.050000000000000044,average,fastANI,272
TOBG_NAT-10.fna,273_0,0.050000000000000044,average,fastANI,273
TOBG_NAT-291.fna,274_0,0.050000000000000044,average,fastANI,274
TOBG_EAC-60.fna,275_0,0.050000000000000044,average,fastANI,275
TOBG_SP-61.fna,276_0,0.050000000000000044,average,fastANI,276
TOBG_NAT-21.fna,277_0,0.050000000000000044,average,fastANI,277
TOBG_SP-28.fna,278_0,0.050000000000000044,average,fastANI,278
TOBG_NP-997.fna,279_0,0.050000000000000044,average,fastANI,279
TOBG_MED-1190.fna,280_0,0.050000000000000044,average,fastANI,280
TOBG_MED-730.fna,281_0,0.050000000000000044,average,fastANI,281
TOBG_SP-240.fna,282_0,0.050000000000000044,average,fastANI,282
TOBG_CPC-320.fna,283_1,0.050000000000000044,average,fastANI,283
TOBG_NP-969.fna,283_1,0.050000000000000044,average,fastANI,283
TOBG_NAT-158.fna,284_0,0.050000000000000044,average,fastANI,284
TOBG_IN-21.fna,285_0,0.050000000000000044,average,fastANI,285
TOBG_SAT-66.fna,286_0,0.050000000000000044,average,fastANI,286
TOBG_IN-14.fna,287_0,0.050000000000000044,average,fastANI,287
TOBG_MED-605.fna,288_0,0.050000000000000044,average,fastANI,288
TOBG_ARS-27.fna,289_0,0.050000000000000044,average,fastANI,289
TOBG_NP-964.fna,290_0,0.050000000000000044,average,fastANI,290
TOBG_NP-992.fna,291_0,0.050000000000000044,average,fastANI,291
TOBG_SAT-2787.fna,292_0,0.050000000000000044,average,fastANI,292
TOBG_MED-611.fna,293_0,0.050000000000000044,average,fastANI,293
TOBG_MED-615.fna,294_0,0.050000000000000044,average,fastANI,294
TOBG_CPC-69.fna,295_1,0.050000000000000044,average,fastANI,295
TOBG_SP-37.fna,295_1,0.050000000000000044,average,fastANI,295
TOBG_MED-595.fna,296_0,0.050000000000000044,average,fastANI,296
TOBG_MED-717.fna,297_0,0.050000000000000044,average,fastANI,297
TOBG_EAC-17.fna,298_1,0.050000000000000044,average,fastANI,298
TOBG_SAT-98.fna,298_1,0.050000000000000044,average,fastANI,298
TOBG_MED-610.fna,299_0,0.050000000000000044,average,fastANI,299
TOBG_CPC-327.fna,300_1,0.050000000000000044,average,fastANI,300
TOBG_EAC-37.fna,300_1,0.050000000000000044,average,fastANI,300
TOBG_NP-15.fna,300_1,0.050000000000000044,average,fastANI,300
TOBG_IN-32.fna,301_0,0.050000000000000044,average,fastANI,301
TOBG_MED-668.fna,302_0,0.050000000000000044,average,fastANI,302
TOBG_SP-2982.fna,303_0,0.050000000000000044,average,fastANI,303
TOBG_CPC-33.fna,304_1,0.050000000000000044,average,fastANI,304
TOBG_EAC-55.fna,304_1,0.050000000000000044,average,fastANI,304
TOBG_NP-8.fna,304_1,0.050000000000000044,average,fastANI,304
TOBG_SAT-134.fna,304_1,0.050000000000000044,average,fastANI,304
TOBG_SP-350.fna,304_1,0.050000000000000044,average,fastANI,304
TOBG_SP-93.fna,304_1,0.050000000000000044,average,fastANI,304
TOBG_CPC-80.fna,305_0,0.050000000000000044,average,fastANI,305
TOBG_SAT-112.fna,306_0,0.050000000000000044,average,fastANI,306
TOBG_IN-40.fna,307_1,0.050000000000000044,average,fastANI,307
TOBG_NP-27.fna,307_1,0.050000000000000044,average,fastANI,307
TOBG_ARS-115.fna,308_1,0.050000000000000044,average,fastANI,308
TOBG_SP-259.fna,308_1,0.050000000000000044,average,fastANI,308
TOBG_CPC-14.fna,308_2,0.050000000000000044,average,fastANI,308
TOBG_SP-86.fna,309_0,0.050000000000000044,average,fastANI,309
TOBG_CPC-43.fna,310_1,0.050000000000000044,average,fastANI,310
TOBG_SAT-28.fna,310_2,0.050000000000000044,average,fastANI,310
TOBG_SAT-1308.fna,311_0,0.050000000000000044,average,fastANI,311
TOBG_SP-131.fna,312_0,0.050000000000000044,average,fastANI,312
TOBG_IN-19.fna,313_0,0.050000000000000044,average,fastANI,313
TOBG_NAT-127.fna,314_0,0.050000000000000044,average,fastANI,314
TOBG_SAT-26.fna,315_0,0.050000000000000044,average,fastANI,315
TOBG_NAT-109.fna,316_1,0.050000000000000044,average,fastANI,316
TOBG_SAT-133.fna,316_1,0.050000000000000044,average,fastANI,316
TOBG_NP-1472.fna,317_0,0.050000000000000044,average,fastANI,317
TOBG_NP-1444.fna,318_0,0.050000000000000044,average,fastANI,318
TOBG_MED-759.fna,319_0,0.050000000000000044,average,fastANI,319
TOBG_MED-814.fna,320_0,0.050000000000000044,average,fastANI,320
TOBG_MED-626.fna,321_0,0.050000000000000044,average,fastANI,321
TOBG_SP-151.fna,322_0,0.050000000000000044,average,fastANI,322
TOBG_SAT-15.fna,323_1,0.050000000000000044,average,fastANI,323
TOBG_SP-320.fna,323_1,0.050000000000000044,average,fastANI,323
TOBG_RS-382.fna,324_0,0.050000000000000044,average,fastANI,324
TOBG_SP-253.fna,325_0,0.050000000000000044,average,fastANI,325
TOBG_NP-948.fna,326_0,0.050000000000000044,average,fastANI,326
TOBG_NP-949.fna,327_0,0.050000000000000044,average,fastANI,327
TOBG_NP-993.fna,328_1,0.050000000000000044,average,fastANI,328
TOBG_SP-213.fna,328_1,0.050000000000000044,average,fastANI,328
TOBG_NP-942.fna,329_0,0.050000000000000044,average,fastANI,329
TOBG_NP-39.fna,330_1,0.050000000000000044,average,fastANI,330
TOBG_SAT-97.fna,330_1,0.050000000000000044,average,fastANI,330
TOBG_CPC-2.fna,331_0,0.050000000000000044,average,fastANI,331
TOBG_NAT-67.fna,332_0,0.050000000000000044,average,fastANI,332
TOBG_SP-177.fna,333_0,0.050000000000000044,average,fastANI,333
TOBG_RS-342.fna,334_1,0.050000000000000044,average,fastANI,334
TOBG_SAT-75.fna,334_2,0.050000000000000044,average,fastANI,334
TOBG_IN-29.fna,335_0,0.050000000000000044,average,fastANI,335
TOBG_CPC-24.fna,336_0,0.050000000000000044,average,fastANI,336
TOBG_MED-815.fna,337_0,0.050000000000000044,average,fastANI,337
TOBG_MED-928.fna,338_0,0.050000000000000044,average,fastANI,338
TOBG_NAT-43.fna,339_1,0.050000000000000044,average,fastANI,339
TOBG_SP-98.fna,339_2,0.050000000000000044,average,fastANI,339
TOBG_SAT-35.fna,340_1,0.050000000000000044,average,fastANI,340
TOBG_SP-3048.fna,340_1,0.050000000000000044,average,fastANI,340
TOBG_EAC-47.fna,340_2,0.050000000000000044,average,fastANI,340
TOBG_SAT-189.fna,341_0,0.050000000000000044,average,fastANI,341
TOBG_CPC-20.fna,342_0,0.050000000000000044,average,fastANI,342
TOBG_MED-810.fna,343_0,0.050000000000000044,average,fastANI,343
TOBG_SP-3982.fna,344_0,0.050000000000000044,average,fastANI,344
TOBG_EAC-93.fna,345_1,0.050000000000000044,average,fastANI,345
TOBG_SAT-83.fna,345_1,0.050000000000000044,average,fastANI,345
TOBG_EAC-58.fna,346_0,0.050000000000000044,average,fastANI,346
TOBG_MED-698.fna,347_0,0.050000000000000044,average,fastANI,347
TOBG_SP-238.fna,348_0,0.050000000000000044,average,fastANI,348
TOBG_MED-825.fna,349_0,0.050000000000000044,average,fastANI,349
TOBG_MED-690.fna,350_0,0.050000000000000044,average,fastANI,350
TOBG_SAT-18.fna,351_0,0.050000000000000044,average,fastANI,351
TOBG_EAC-623.fna,352_1,0.050000000000000044,average,fastANI,352
TOBG_RS-465.fna,352_1,0.050000000000000044,average,fastANI,352
TOBG_EAC-86.fna,353_1,0.050000000000000044,average,fastANI,353
TOBG_NAT-101.fna,353_1,0.050000000000000044,average,fastANI,353
TOBG_ARS-1012.fna,354_1,0.050000000000000044,average,fastANI,354
TOBG_CPC-316.fna,354_2,0.050000000000000044,average,fastANI,354
TOBG_SP-3017.fna,355_0,0.050000000000000044,average,fastANI,355
TOBG_SP-171.fna,356_0,0.050000000000000044,average,fastANI,356
TOBG_CPC-12.fna,357_1,0.050000000000000044,average,fastANI,357
TOBG_NP-9.fna,357_1,0.050000000000000044,average,fastANI,357
TOBG_SAT-31.fna,357_1,0.050000000000000044,average,fastANI,357
TOBG_SP-180.fna,358_0,0.050000000000000044,average,fastANI,358
TOBG_SP-3112.fna,359_0,0.050000000000000044,average,fastANI,359
TOBG_SP-331.fna,360_0,0.050000000000000044,average,fastANI,360
TOBG_CPC-48.fna,361_1,0.050000000000000044,average,fastANI,361
TOBG_IN-15.fna,361_1,0.050000000000000044,average,fastANI,361
TOBG_EAC-50.fna,362_0,0.050000000000000044,average,fastANI,362
TOBG_EAC-713.fna,363_1,0.050000000000000044,average,fastANI,363
TOBG_IN-6.fna,363_1,0.050000000000000044,average,fastANI,363
TOBG_NP-45.fna,363_1,0.050000000000000044,average,fastANI,363
TOBG_NP-96.fna,364_1,0.050000000000000044,average,fastANI,364
TOBG_SAT-109.fna,364_1,0.050000000000000044,average,fastANI,364
TOBG_CPC-8.fna,364_2,0.050000000000000044,average,fastANI,364
TOBG_SP-269.fna,364_2,0.050000000000000044,average,fastANI,364
TOBG_SP-333.fna,365_0,0.050000000000000044,average,fastANI,365
TOBG_EAC-41.fna,366_1,0.050000000000000044,average,fastANI,366
TOBG_NP-12.fna,366_1,0.050000000000000044,average,fastANI,366
TOBG_SP-32.fna,366_1,0.050000000000000044,average,fastANI,366
TOBG_CPC-11.fna,367_1,0.050000000000000044,average,fastANI,367
TOBG_IN-928.fna,367_1,0.050000000000000044,average,fastANI,367
TOBG_NAT-75.fna,367_1,0.050000000000000044,average,fastANI,367
TOBG_NP-156.fna,367_1,0.050000000000000044,average,fastANI,367
TOBG_SP-64.fna,367_1,0.050000000000000044,average,fastANI,367
TOBG_CPC-95.fna,368_1,0.050000000000000044,average,fastANI,368
TOBG_NP-94.fna,368_1,0.050000000000000044,average,fastANI,368
TOBG_SP-60.fna,368_1,0.050000000000000044,average,fastANI,368
TOBG_NP-13.fna,369_0,0.050000000000000044,average,fastANI,369
TOBG_NP-90.fna,370_0,0.050000000000000044,average,fastANI,370
TOBG_SAT-93.fna,371_0,0.050000000000000044,average,fastANI,371
TOBG_RS-426.fna,372_0,0.050000000000000044,average,fastANI,372
TOBG_RS-822.fna,373_0,0.050000000000000044,average,fastANI,373
TOBG_CPC-62.fna,374_1,0.050000000000000044,average,fastANI,374
TOBG_NP-95.fna,374_1,0.050000000000000044,average,fastANI,374
TOBG_SAT-88.fna,375_1,0.050000000000000044,average,fastANI,375
TOBG_SP-291.fna,375_1,0.050000000000000044,average,fastANI,375
TOBG_IN-2.fna,376_0,0.050000000000000044,average,fastANI,376
TOBG_IN-1.fna,377_0,0.050000000000000044,average,fastANI,377
TOBG_SP-133.fna,378_0,0.050000000000000044,average,fastANI,378
TOBG_NAT-94.fna,379_0,0.050000000000000044,average,fastANI,379
TOBG_SP-163.fna,380_0,0.050000000000000044,average,fastANI,380
TOBG_NAT-4.fna,381_0,0.050000000000000044,average,fastANI,381
TOBG_EAC-102.fna,382_1,0.050000000000000044,average,fastANI,382
TOBG_IN-9.fna,382_1,0.050000000000000044,average,fastANI,382
TOBG_NAT-64.fna,383_1,0.050000000000000044,average,fastANI,383
TOBG_NP-151.fna,383_1,0.050000000000000044,average,fastANI,383
TOBG_SAT-1.fna,383_1,0.050000000000000044,average,fastANI,383
TOBG_CPC-28.fna,383_2,0.050000000000000044,average,fastANI,383
TOBG_CPC-45.fna,384_0,0.050000000000000044,average,fastANI,384
TOBG_CPC-42.fna,385_1,0.050000000000000044,average,fastANI,385
TOBG_EAC-94.fna,385_1,0.050000000000000044,average,fastANI,385
TOBG_NAT-121.fna,386_0,0.050000000000000044,average,fastANI,386
TOBG_NAT-125.fna,387_0,0.050000000000000044,average,fastANI,387
TOBG_EAC-69.fna,388_0,0.050000000000000044,average,fastANI,388
TOBG_NP-21.fna,389_0,0.050000000000000044,average,fastANI,389
TOBG_NP-59.fna,390_0,0.050000000000000044,average,fastANI,390
TOBG_MED-581.fna,391_1,0.050000000000000044,average,fastANI,391
TOBG_NP-51.fna,391_2,0.050000000000000044,average,fastANI,391
TOBG_SP-3023.fna,392_0,0.050000000000000044,average,fastANI,392
TOBG_CPC-27.fna,393_0,0.050000000000000044,average,fastANI,393
TOBG_NAT-84.fna,394_0,0.050000000000000044,average,fastANI,394
TOBG_NP-1044.fna,395_0,0.050000000000000044,average,fastANI,395
TOBG_CPC-13.fna,396_0,0.050000000000000044,average,fastANI,396
TOBG_CPC-6.fna,397_0,0.050000000000000044,average,fastANI,397
TOBG_NP-125.fna,398_1,0.050000000000000044,average,fastANI,398
TOBG_SAT-40.fna,398_1,0.050000000000000044,average,fastANI,398
TOBG_SP-312.fna,398_1,0.050000000000000044,average,fastANI,398
TOBG_SP-181.fna,399_0,0.050000000000000044,average,fastANI,399
TOBG_ARS-29.fna,400_1,0.050000000000000044,average,fastANI,400
TOBG_NP-24.fna,400_1,0.050000000000000044,average,fastANI,400
TOBG_ARS-16.fna,401_0,0.050000000000000044,average,fastANI,401
TOBG_SP-26.fna,402_0,0.050000000000000044,average,fastANI,402
TOBG_SP-3037.fna,403_0,0.050000000000000044,average,fastANI,403
TOBG_SAT-1609.fna,404_1,0.050000000000000044,average,fastANI,404
TOBG_SP-3103.fna,404_2,0.050000000000000044,average,fastANI,404
TOBG_NAT-198.fna,405_0,0.050000000000000044,average,fastANI,405
TOBG_SAT-1367.fna,406_0,0.050000000000000044,average,fastANI,406
TOBG_RS-434.fna,407_0,0.050000000000000044,average,fastANI,407
TOBG_SAT-1339.fna,408_1,0.050000000000000044,average,fastANI,408
TOBG_SAT-1391.fna,408_2,0.050000000000000044,average,fastANI,408
TOBG_EAC-88.fna,409_0,0.050000000000000044,average,fastANI,409
TOBG_EAC-627.fna,410_1,0.050000000000000044,average,fastANI,410
TOBG_NAT-575.fna,410_1,0.050000000000000044,average,fastANI,410
TOBG_ARS-70.fna,411_1,0.050000000000000044,average,fastANI,411
TOBG_SP-284.fna,411_1,0.050000000000000044,average,fastANI,411
TOBG_SP-222.fna,412_0,0.050000000000000044,average,fastANI,412
TOBG_NAT-137.fna,413_0,0.050000000000000044,average,fastANI,413
TOBG_RS-435.fna,414_0,0.050000000000000044,average,fastANI,414
TOBG_EAC-42.fna,415_1,0.050000000000000044,average,fastANI,415
TOBG_SAT-91.fna,415_1,0.050000000000000044,average,fastANI,415
TOBG_SAT-1517.fna,416_0,0.050000000000000044,average,fastANI,416
TOBG_NAT-138.fna,417_0,0.050000000000000044,average,fastANI,417
TOBG_ARS-1009.fna,418_1,0.050000000000000044,average,fastANI,418
TOBG_CPC-300.fna,418_1,0.050000000000000044,average,fastANI,418
TOBG_EAC-646.fna,418_1,0.050000000000000044,average,fastANI,418
TOBG_NP-38.fna,418_1,0.050000000000000044,average,fastANI,418
TOBG_MED-655.fna,419_1,0.050000000000000044,average,fastANI,419
TOBG_NAT-181.fna,419_1,0.050000000000000044,average,fastANI,419
TOBG_CPC-50.fna,420_0,0.050000000000000044,average,fastANI,420
TOBG_SP-164.fna,421_0,0.050000000000000044,average,fastANI,421
TOBG_SP-232.fna,422_0,0.050000000000000044,average,fastANI,422
TOBG_SP-3118.fna,423_0,0.050000000000000044,average,fastANI,423
TOBG_SP-85.fna,424_0,0.050000000000000044,average,fastANI,424
TOBG_SP-241.fna,425_0,0.050000000000000044,average,fastANI,425
TOBG_SP-354.fna,426_0,0.050000000000000044,average,fastANI,426
TOBG_RS-349.fna,427_0,0.050000000000000044,average,fastANI,427
TOBG_SP-234.fna,428_0,0.050000000000000044,average,fastANI,428
TOBG_MED-593.fna,429_0,0.050000000000000044,average,fastANI,429
TOBG_MED-741.fna,430_0,0.050000000000000044,average,fastANI,430
TOBG_MED-739.fna,431_0,0.050000000000000044,average,fastANI,431
TOBG_MED-594.fna,432_1,0.050000000000000044,average,fastANI,432
TOBG_NAT-143.fna,432_1,0.050000000000000044,average,fastANI,432
TOBG_SAT-1613.fna,432_1,0.050000000000000044,average,fastANI,432
TOBG_MED-1269.fna,433_1,0.050000000000000044,average,fastANI,433
TOBG_SAT-1346.fna,433_1,0.050000000000000044,average,fastANI,433
TOBG_ARS-1034.fna,434_1,0.050000000000000044,average,fastANI,434
TOBG_IN-924.fna,434_1,0.050000000000000044,average,fastANI,434
TOBG_SAT-1582.fna,434_1,0.050000000000000044,average,fastANI,434
TOBG_SAT-161.fna,435_0,0.050000000000000044,average,fastANI,435
TOBG_NP-1395.fna,436_0,0.050000000000000044,average,fastANI,436
TOBG_SAT-142.fna,437_0,0.050000000000000044,average,fastANI,437
TOBG_RS-821.fna,438_0,0.050000000000000044,average,fastANI,438
TOBG_SAT-128.fna,439_0,0.050000000000000044,average,fastANI,439
TOBG_NAT-133.fna,440_0,0.050000000000000044,average,fastANI,440
TOBG_ARS-112.fna,441_1,0.050000000000000044,average,fastANI,441
TOBG_NP-16.fna,441_1,0.050000000000000044,average,fastANI,441
TOBG_SAT-85.fna,441_1,0.050000000000000044,average,fastANI,441
TOBG_SAT-62.fna,441_2,0.050000000000000044,average,fastANI,441
TOBG_EAC-710.fna,442_0,0.050000000000000044,average,fastANI,442
TOBG_NAT-11.fna,443_0,0.050000000000000044,average,fastANI,443
TOBG_EAC-85.fna,444_0,0.050000000000000044,average,fastANI,444
TOBG_MED-783.fna,445_0,0.050000000000000044,average,fastANI,445
TOBG_NAT-14.fna,446_0,0.050000000000000044,average,fastANI,446
TOBG_SP-166.fna,447_0,0.050000000000000044,average,fastANI,447
TOBG_SP-3035.fna,448_0,0.050000000000000044,average,fastANI,448
TOBG_EAC-27.fna,449_1,0.050000000000000044,average,fastANI,449
TOBG_NAT-69.fna,449_1,0.050000000000000044,average,fastANI,449
TOBG_SAT-14.fna,449_1,0.050000000000000044,average,fastANI,449
TOBG_SAT-1610.fna,450_0,0.050000000000000044,average,fastANI,450
TOBG_RS-398.fna,451_1,0.050000000000000044,average,fastANI,451
TOBG_SP-113.fna,451_1,0.050000000000000044,average,fastANI,451
TOBG_SP-141.fna,452_0,0.050000000000000044,average,fastANI,452
TOBG_MED-643.fna,453_0,0.050000000000000044,average,fastANI,453
TOBG_SAT-12.fna,454_0,0.050000000000000044,average,fastANI,454
TOBG_SP-105.fna,455_0,0.050000000000000044,average,fastANI,455
TOBG_ARS-1279.fna,456_0,0.050000000000000044,average,fastANI,456
TOBG_NAT-155.fna,457_0,0.050000000000000044,average,fastANI,457
TOBG_NP-69.fna,458_1,0.050000000000000044,average,fastANI,458
TOBG_SP-3083.fna,458_1,0.050000000000000044,average,fastANI,458
TOBG_NAT-61.fna,459_0,0.050000000000000044,average,fastANI,459
TOBG_NP-86.fna,460_0,0.050000000000000044,average,fastANI,460
TOBG_SP-295.fna,461_0,0.050000000000000044,average,fastANI,461
TOBG_ARS-68.fna,462_0,0.050000000000000044,average,fastANI,462
TOBG_SP-2985.fna,463_0,0.050000000000000044,average,fastANI,463
TOBG_ARS-90.fna,464_0,0.050000000000000044,average,fastANI,464
TOBG_EAC-654.fna,465_0,0.050000000000000044,average,fastANI,465
TOBG_MED-733.fna,466_0,0.050000000000000044,average,fastANI,466
TOBG_SAT-1446.fna,467_0,0.050000000000000044,average,fastANI,467
TOBG_SP-258.fna,468_0,0.050000000000000044,average,fastANI,468
TOBG_MED-601.fna,469_0,0.050000000000000044,average,fastANI,469
TOBG_MED-665.fna,470_0,0.050000000000000044,average,fastANI,470
TOBG_MED-661.fna,471_0,0.050000000000000044,average,fastANI,471
TOBG_MED-697.fna,472_0,0.050000000000000044,average,fastANI,472
TOBG_EAC-91.fna,473_0,0.050000000000000044,average,fastANI,473
TOBG_SAT-3.fna,474_0,0.050000000000000044,average,fastANI,474
TOBG_CPC-52.fna,475_0,0.050000000000000044,average,fastANI,475
TOBG_NP-75.fna,476_0,0.050000000000000044,average,fastANI,476
TOBG_MED-1122.fna,477_1,0.050000000000000044,average,fastANI,477
TOBG_SP-30.fna,477_1,0.050000000000000044,average,fastANI,477
TOBG_CPC-324.fna,478_0,0.050000000000000044,average,fastANI,478
TOBG_SP-127.fna,479_0,0.050000000000000044,average,fastANI,479
TOBG_SP-242.fna,480_0,0.050000000000000044,average,fastANI,480
TOBG_NP-960.fna,481_1,0.050000000000000044,average,fastANI,481
TOBG_SP-34.fna,481_1,0.050000000000000044,average,fastANI,481
TOBG_NP-72.fna,482_0,0.050000000000000044,average,fastANI,482
TOBG_SP-114.fna,483_1,0.050000000000000044,average,fastANI,483
TOBG_SP-52.fna,483_2,0.050000000000000044,average,fastANI,483
TOBG_ARS-40.fna,484_1,0.050000000000000044,average,fastANI,484
TOBG_CPC-82.fna,484_1,0.050000000000000044,average,fastANI,484
TOBG_MED-659.fna,484_2,0.050000000000000044,average,fastANI,484
TOBG_SP-145.fna,484_2,0.050000000000000044,average,fastANI,484
TOBG_NP-58.fna,485_0,0.050000000000000044,average,fastANI,485
TOBG_SP-194.fna,486_0,0.050000000000000044,average,fastANI,486
TOBG_SP-176.fna,487_0,0.050000000000000044,average,fastANI,487
TOBG_MED-677.fna,488_1,0.050000000000000044,average,fastANI,488
TOBG_RS-402.fna,488_2,0.050000000000000044,average,fastANI,488
TOBG_SAT-132.fna,489_0,0.050000000000000044,average,fastANI,489
TOBG_MED-692.fna,490_1,0.050000000000000044,average,fastANI,490
TOBG_NP-986.fna,490_1,0.050000000000000044,average,fastANI,490
TOBG_MED-622.fna,491_0,0.050000000000000044,average,fastANI,491
TOBG_SP-187.fna,492_0,0.050000000000000044,average,fastANI,492
TOBG_CPC-61.fna,493_0,0.050000000000000044,average,fastANI,493
TOBG_MED-745.fna,494_0,0.050000000000000044,average,fastANI,494
TOBG_CPC-59.fna,495_0,0.050000000000000044,average,fastANI,495
TOBG_NP-107.fna,496_0,0.050000000000000044,average,fastANI,496
TOBG_SP-138.fna,497_0,0.050000000000000044,average,fastANI,497
TOBG_MED-743.fna,498_0,0.050000000000000044,average,fastANI,498
TOBG_SP-3068.fna,499_0,0.050000000000000044,average,fastANI,499
TOBG_SP-88.fna,500_0,0.050000000000000044,average,fastANI,500
TOBG_RS-392.fna,501_0,0.050000000000000044,average,fastANI,501
TOBG_SP-2978.fna,502_0,0.050000000000000044,average,fastANI,502
TOBG_SP-208.fna,503_0,0.050000000000000044,average,fastANI,503
TOBG_CPC-1326.fna,504_0,0.050000000000000044,average,fastANI,504
TOBG_SAT-2756.fna,505_0,0.050000000000000044,average,fastANI,505
TOBG_MED-636.fna,506_0,0.050000000000000044,average,fastANI,506
TOBG_MED-695.fna,507_0,0.050000000000000044,average,fastANI,507
TOBG_SP-23.fna,508_0,0.050000000000000044,average,fastANI,508
TOBG_RS-348.fna,509_0,0.050000000000000044,average,fastANI,509
TOBG_SP-210.fna,510_0,0.050000000000000044,average,fastANI,510
TOBG_NAT-288.fna,511_1,0.050000000000000044,average,fastANI,511
TOBG_SAT-145.fna,511_1,0.050000000000000044,average,fastANI,511
TOBG_NAT-68.fna,512_0,0.050000000000000044,average,fastANI,512
TOBG_SAT-95.fna,513_0,0.050000000000000044,average,fastANI,513
TOBG_NP-18.fna,514_0,0.050000000000000044,average,fastANI,514
TOBG_MED-777.fna,515_0,0.050000000000000044,average,fastANI,515
TOBG_SP-272.fna,516_0,0.050000000000000044,average,fastANI,516
TOBG_SAT-157.fna,517_0,0.050000000000000044,average,fastANI,517
TOBG_NP-65.fna,518_0,0.050000000000000044,average,fastANI,518
TOBG_SAT-1329.fna,519_0,0.050000000000000044,average,fastANI,519
TOBG_EAC-107.fna,520_1,0.050000000000000044,average,fastANI,520
TOBG_RS-406.fna,520_1,0.050000000000000044,average,fastANI,520
TOBG_NAT-154.fna,521_0,0.050000000000000044,average,fastANI,521
TOBG_MED-899.fna,522_0,0.050000000000000044,average,fastANI,522
TOBG_MED-707.fna,523_0,0.050000000000000044,average,fastANI,523
TOBG_RS-604.fna,524_0,0.050000000000000044,average,fastANI,524
TOBG_NAT-96.fna,525_1,0.050000000000000044,average,fastANI,525
TOBG_SAT-38.fna,525_1,0.050000000000000044,average,fastANI,525
TOBG_IN-35.fna,526_0,0.050000000000000044,average,fastANI,526
TOBG_MED-921.fna,527_1,0.050000000000000044,average,fastANI,527
TOBG_SAT-164.fna,527_1,0.050000000000000044,average,fastANI,527
TOBG_SAT-165.fna,528_0,0.050000000000000044,average,fastANI,528
TOBG_MED-1093.fna,529_0,0.050000000000000044,average,fastANI,529
TOBG_NP-1521.fna,530_0,0.050000000000000044,average,fastANI,530
TOBG_NP-965.fna,531_0,0.050000000000000044,average,fastANI,531
TOBG_NAT-139.fna,532_0,0.050000000000000044,average,fastANI,532
TOBG_SP-3063.fna,533_0,0.050000000000000044,average,fastANI,533
TOBG_SAT-1553.fna,534_1,0.050000000000000044,average,fastANI,534
TOBG_SP-3014.fna,534_2,0.050000000000000044,average,fastANI,534
TOBG_ARS-60.fna,535_0,0.050000000000000044,average,fastANI,535
TOBG_MED-738.fna,536_0,0.050000000000000044,average,fastANI,536
TOBG_NP-956.fna,537_0,0.050000000000000044,average,fastANI,537
TOBG_SAT-1510.fna,538_0,0.050000000000000044,average,fastANI,538
TOBG_SP-3074.fna,539_0,0.050000000000000044,average,fastANI,539
TOBG_NAT-238.fna,540_1,0.050000000000000044,average,fastANI,540
TOBG_SAT-1508.fna,540_1,0.050000000000000044,average,fastANI,540
TOBG_EAC-30.fna,541_0,0.050000000000000044,average,fastANI,541
TOBG_SP-3024.fna,542_0,0.050000000000000044,average,fastANI,542
TOBG_SP-3059.fna,543_0,0.050000000000000044,average,fastANI,543
TOBG_NP-68.fna,544_1,0.050000000000000044,average,fastANI,544
TOBG_SP-304.fna,544_1,0.050000000000000044,average,fastANI,544
TOBG_SP-2979.fna,545_0,0.050000000000000044,average,fastANI,545
TOBG_NAT-188.fna,546_0,0.050000000000000044,average,fastANI,546
TOBG_EAC-35.fna,547_1,0.050000000000000044,average,fastANI,547
TOBG_NAT-71.fna,547_1,0.050000000000000044,average,fastANI,547
TOBG_SAT-1614.fna,547_1,0.050000000000000044,average,fastANI,547
TOBG_ARS-42.fna,548_1,0.050000000000000044,average,fastANI,548
TOBG_EAC-24.fna,548_1,0.050000000000000044,average,fastANI,548
TOBG_IN-1077.fna,548_1,0.050000000000000044,average,fastANI,548
TOBG_SP-348.fna,548_1,0.050000000000000044,average,fastANI,548
TOBG_RS-391.fna,549_0,0.050000000000000044,average,fastANI,549
TOBG_SP-281.fna,550_0,0.050000000000000044,average,fastANI,550
TOBG_EAC-625.fna,551_1,0.050000000000000044,average,fastANI,551
TOBG_NAT-284.fna,551_1,0.050000000000000044,average,fastANI,551
TOBG_SAT-159.fna,552_1,0.050000000000000044,average,fastANI,552
TOBG_SP-219.fna,552_1,0.050000000000000044,average,fastANI,552
TOBG_SP-160.fna,553_0,0.050000000000000044,average,fastANI,553
TOBG_NAT-255.fna,554_1,0.050000000000000044,average,fastANI,554
TOBG_SAT-1608.fna,554_1,0.050000000000000044,average,fastANI,554
TOBG_MED-837.fna,555_0,0.050000000000000044,average,fastANI,555
TOBG_NP-20.fna,556_0,0.050000000000000044,average,fastANI,556
TOBG_RS-387.fna,557_0,0.050000000000000044,average,fastANI,557
TOBG_SP-24.fna,558_0,0.050000000000000044,average,fastANI,558
TOBG_RS-371.fna,559_0,0.050000000000000044,average,fastANI,559
TOBG_EAC-10.fna,560_1,0.050000000000000044,average,fastANI,560
TOBG_RS-819.fna,560_1,0.050000000000000044,average,fastANI,560
TOBG_SP-3044.fna,560_2,0.050000000000000044,average,fastANI,560
TOBG_MED-813.fna,561_1,0.050000000000000044,average,fastANI,561
TOBG_NAT-118.fna,561_1,0.050000000000000044,average,fastANI,561
TOBG_SAT-181.fna,562_1,0.050000000000000044,average,fastANI,562
TOBG_SP-3041.fna,562_1,0.050000000000000044,average,fastANI,562
TOBG_RS-388.fna,563_1,0.050000000000000044,average,fastANI,563
TOBG_SP-3984.fna,563_1,0.050000000000000044,average,fastANI,563
TOBG_NAT-417.fna,564_1,0.050000000000000044,average,fastANI,564
TOBG_RS-420.fna,564_1,0.050000000000000044,average,fastANI,564
TOBG_SAT-13.fna,564_2,0.050000000000000044,average,fastANI,564
TOBG_SAT-182.fna,565_0,0.050000000000000044,average,fastANI,565
TOBG_SAT-206.fna,566_0,0.050000000000000044,average,fastANI,566
TOBG_MED-590.fna,567_0,0.050000000000000044,average,fastANI,567
TOBG_SP-4023.fna,568_0,0.050000000000000044,average,fastANI,568
TOBG_NP-28.fna,569_1,0.050000000000000044,average,fastANI,569
TOBG_SAT-183.fna,569_1,0.050000000000000044,average,fastANI,569
TOBG_IN-3.fna,570_0,0.050000000000000044,average,fastANI,570
TOBG_SP-319.fna,571_0,0.050000000000000044,average,fastANI,571
TOBG_NAT-172.fna,572_0,0.050000000000000044,average,fastANI,572
TOBG_SP-2972.fna,573_0,0.050000000000000044,average,fastANI,573
TOBG_SP-248.fna,574_1,0.050000000000000044,average,fastANI,574
TOBG_SP-4044.fna,574_2,0.050000000000000044,average,fastANI,574
TOBG_SP-4045.fna,575_0,0.050000000000000044,average,fastANI,575
TOBG_SP-257.fna,576_0,0.050000000000000044,average,fastANI,576
TOBG_CPC-17.fna,577_0,0.050000000000000044,average,fastANI,577
TOBG_SP-182.fna,578_0,0.050000000000000044,average,fastANI,578
TOBG_EAC-20.fna,579_1,0.050000000000000044,average,fastANI,579
TOBG_IN-12.fna,579_1,0.050000000000000044,average,fastANI,579
TOBG_NP-92.fna,579_1,0.050000000000000044,average,fastANI,579
TOBG_EAC-39.fna,580_1,0.050000000000000044,average,fastANI,580
TOBG_IN-5.fna,580_1,0.050000000000000044,average,fastANI,580
TOBG_SAT-6.fna,580_1,0.050000000000000044,average,fastANI,580
TOBG_SP-2.fna,580_1,0.050000000000000044,average,fastANI,580
TOBG_SAT-92.fna,581_0,0.050000000000000044,average,fastANI,581
TOBG_CPC-64.fna,582_0,0.050000000000000044,average,fastANI,582
TOBG_SP-216.fna,583_0,0.050000000000000044,average,fastANI,583
TOBG_NP-42.fna,584_1,0.050000000000000044,average,fastANI,584
TOBG_SAT-1462.fna,584_2,0.050000000000000044,average,fastANI,584
TOBG_MED-592.fna,585_0,0.050000000000000044,average,fastANI,585
TOBG_SAT-69.fna,586_0,0.050000000000000044,average,fastANI,586
TOBG_MED-753.fna,587_0,0.050000000000000044,average,fastANI,587
TOBG_SAT-217.fna,588_0,0.050000000000000044,average,fastANI,588
TOBG_MED-718.fna,589_0,0.050000000000000044,average,fastANI,589
TOBG_NAT-271.fna,590_0,0.050000000000000044,average,fastANI,590
TOBG_SP-301.fna,591_0,0.050000000000000044,average,fastANI,591
TOBG_RS-648.fna,592_0,0.050000000000000044,average,fastANI,592
TOBG_SP-2989.fna,593_0,0.050000000000000044,average,fastANI,593
TOBG_SP-263.fna,594_0,0.050000000000000044,average,fastANI,594
TOBG_NAT-157.fna,595_1,0.050000000000000044,average,fastANI,595
TOBG_SP-43.fna,595_1,0.050000000000000044,average,fastANI,595
TOBG_SAT-230.fna,596_0,0.050000000000000044,average,fastANI,596
TOBG_MED-649.fna,597_1,0.050000000000000044,average,fastANI,597
TOBG_NAT-12.fna,597_2,0.050000000000000044,average,fastANI,597
TOBG_NAT-90.fna,598_0,0.050000000000000044,average,fastANI,598
TOBG_ARS-1441.fna,599_0,0.050000000000000044,average,fastANI,599
TOBG_MED-955.fna,600_0,0.050000000000000044,average,fastANI,600
TOBG_NP-944.fna,601_0,0.050000000000000044,average,fastANI,601
TOBG_RS-626.fna,602_0,0.050000000000000044,average,fastANI,602
TOBG_SP-3046.fna,603_0,0.050000000000000044,average,fastANI,603
TOBG_CPC-296.fna,604_0,0.050000000000000044,average,fastANI,604
TOBG_MED-740.fna,605_0,0.050000000000000044,average,fastANI,605
TOBG_NP-142.fna,606_0,0.050000000000000044,average,fastANI,606
TOBG_SAT-139.fna,607_0,0.050000000000000044,average,fastANI,607
TOBG_SP-3992.fna,608_0,0.050000000000000044,average,fastANI,608
TOBG_MED-879.fna,609_1,0.050000000000000044,average,fastANI,609
TOBG_NAT-146.fna,609_1,0.050000000000000044,average,fastANI,609
TOBG_RS-668.fna,610_0,0.050000000000000044,average,fastANI,610
TOBG_MED-766.fna,611_0,0.050000000000000044,average,fastANI,611
TOBG_MED-878.fna,612_1,0.050000000000000044,average,fastANI,612
TOBG_SP-4288.fna,612_1,0.050000000000000044,average,fastANI,612
TOBG_CPC-1232.fna,613_0,0.050000000000000044,average,fastANI,613
TOBG_RS-535.fna,614_1,0.050000000000000044,average,fastANI,614
TOBG_SP-4356.fna,614_1,0.050000000000000044,average,fastANI,614
TOBG_SAT-228.fna,615_0,0.050000000000000044,average,fastANI,615
TOBG_MED-591.fna,616_0,0.050000000000000044,average,fastANI,616
TOBG_SAT-185.fna,617_0,0.050000000000000044,average,fastANI,617
TOBG_MED-648.fna,618_0,0.050000000000000044,average,fastANI,618
TOBG_SP-173.fna,619_0,0.050000000000000044,average,fastANI,619
TOBG_SP-150.fna,620_0,0.050000000000000044,average,fastANI,620
TOBG_SAT-2788.fna,621_0,0.050000000000000044,average,fastANI,621
TOBG_SAT-79.fna,622_0,0.050000000000000044,average,fastANI,622
TOBG_SAT-39.fna,623_0,0.050000000000000044,average,fastANI,623
TOBG_ARS-7.fna,624_0,0.050000000000000044,average,fastANI,624
TOBG_NP-2.fna,625_0,0.050000000000000044,average,fastANI,625
TOBG_SP-358.fna,626_0,0.050000000000000044,average,fastANI,626
TOBG_CPC-34.fna,627_1,0.050000000000000044,average,fastANI,627
TOBG_CPC-5.fna,627_1,0.050000000000000044,average,fastANI,627
TOBG_EAC-5.fna,627_1,0.050000000000000044,average,fastANI,627
TOBG_NP-127.fna,627_1,0.050000000000000044,average,fastANI,627
TOBG_SAT-121.fna,627_1,0.050000000000000044,average,fastANI,627
TOBG_SP-63.fna,627_1,0.050000000000000044,average,fastANI,627
TOBG_IN-48.fna,628_0,0.050000000000000044,average,fastANI,628
TOBG_NAT-23.fna,629_0,0.050000000000000044,average,fastANI,629
TOBG_NP-119.fna,630_0,0.050000000000000044,average,fastANI,630
TOBG_SAT-135.fna,631_0,0.050000000000000044,average,fastANI,631
TOBG_SAT-1388.fna,632_0,0.050000000000000044,average,fastANI,632
TOBG_SP-256.fna,633_0,0.050000000000000044,average,fastANI,633
TOBG_NAT-88.fna,634_0,0.050000000000000044,average,fastANI,634
TOBG_SP-249.fna,635_0,0.050000000000000044,average,fastANI,635
TOBG_SP-39.fna,636_0,0.050000000000000044,average,fastANI,636
TOBG_MED-666.fna,637_0,0.050000000000000044,average,fastANI,637
TOBG_CPC-30.fna,638_0,0.050000000000000044,average,fastANI,638
TOBG_SAT-166.fna,639_0,0.050000000000000044,average,fastANI,639
TOBG_RS-678.fna,640_0,0.050000000000000044,average,fastANI,640
TOBG_MED-651.fna,641_1,0.050000000000000044,average,fastANI,641
TOBG_SP-47.fna,641_1,0.050000000000000044,average,fastANI,641
TOBG_EAC-650.fna,642_1,0.050000000000000044,average,fastANI,642
TOBG_NAT-136.fna,642_1,0.050000000000000044,average,fastANI,642
TOBG_RS-341.fna,642_1,0.050000000000000044,average,fastANI,642
TOBG_SP-3073.fna,643_0,0.050000000000000044,average,fastANI,643
TOBG_NAT-179.fna,644_0,0.050000000000000044,average,fastANI,644
TOBG_NAT-217.fna,645_0,0.050000000000000044,average,fastANI,645
TOBG_SP-306.fna,646_0,0.050000000000000044,average,fastANI,646
TOBG_EAC-676.fna,647_1,0.050000000000000044,average,fastANI,647
TOBG_SP-71.fna,647_1,0.050000000000000044,average,fastANI,647
TOBG_SP-136.fna,648_0,0.050000000000000044,average,fastANI,648
TOBG_NAT-55.fna,649_1,0.050000000000000044,average,fastANI,649
TOBG_RS-431.fna,649_2,0.050000000000000044,average,fastANI,649
TOBG_SP-3105.fna,650_0,0.050000000000000044,average,fastANI,650
TOBG_EAC-33.fna,651_0,0.050000000000000044,average,fastANI,651
TOBG_NAT-45.fna,652_0,0.050000000000000044,average,fastANI,652
TOBG_SAT-77.fna,653_0,0.050000000000000044,average,fastANI,653
TOBG_MED-676.fna,654_0,0.050000000000000044,average,fastANI,654
TOBG_MED-602.fna,655_0,0.050000000000000044,average,fastANI,655
TOBG_NAT-163.fna,656_0,0.050000000000000044,average,fastANI,656
TOBG_MED-779.fna,657_1,0.050000000000000044,average,fastANI,657
TOBG_SP-3004.fna,657_1,0.050000000000000044,average,fastANI,657
TOBG_ARS-1.fna,658_0,0.050000000000000044,average,fastANI,658
TOBG_MED-769.fna,659_0,0.050000000000000044,average,fastANI,659
TOBG_NAT-175.fna,660_0,0.050000000000000044,average,fastANI,660
TOBG_SAT-168.fna,661_0,0.050000000000000044,average,fastANI,661
TOBG_SP-282.fna,662_0,0.050000000000000044,average,fastANI,662
TOBG_SP-185.fna,663_0,0.050000000000000044,average,fastANI,663
TOBG_RS-408.fna,664_0,0.050000000000000044,average,fastANI,664
TOBG_SP-3098.fna,665_0,0.050000000000000044,average,fastANI,665
TOBG_NAT-252.fna,666_0,0.050000000000000044,average,fastANI,666
TOBG_SP-3040.fna,667_0,0.050000000000000044,average,fastANI,667
TOBG_EAC-714.fna,668_0,0.050000000000000044,average,fastANI,668
TOBG_NAT-161.fna,669_0,0.050000000000000044,average,fastANI,669
TOBG_SP-3109.fna,670_0,0.050000000000000044,average,fastANI,670
TOBG_CPC-319.fna,671_1,0.050000000000000044,average,fastANI,671
TOBG_MED-704.fna,671_1,0.050000000000000044,average,fastANI,671
TOBG_NAT-272.fna,672_0,0.050000000000000044,average,fastANI,672
TOBG_NP-22.fna,673_0,0.050000000000000044,average,fastANI,673
TOBG_RS-421.fna,674_0,0.050000000000000044,average,fastANI,674
TOBG_SP-56.fna,675_0,0.050000000000000044,average,fastANI,675
TOBG_MED-1001.fna,676_0,0.050000000000000044,average,fastANI,676
TOBG_MED-1076.fna,677_0,0.050000000000000044,average,fastANI,677
TOBG_MED-652.fna,678_0,0.050000000000000044,average,fastANI,678
TOBG_NAT-134.fna,679_0,0.050000000000000044,average,fastANI,679
TOBG_MED-721.fna,680_0,0.050000000000000044,average,fastANI,680
TOBG_SAT-179.fna,681_0,0.050000000000000044,average,fastANI,681
TOBG_SP-279.fna,682_0,0.050000000000000044,average,fastANI,682
TOBG_SP-341.fna,683_0,0.050000000000000044,average,fastANI,683
TOBG_SP-62.fna,684_0,0.050000000000000044,average,fastANI,684
TOBG_CPC-98.fna,685_1,0.050000000000000044,average,fastANI,685
TOBG_SP-149.fna,685_1,0.050000000000000044,average,fastANI,685
TOBG_SP-247.fna,686_0,0.050000000000000044,average,fastANI,686
TOBG_SAT-129.fna,687_0,0.050000000000000044,average,fastANI,687
TOBG_NAT-166.fna,688_0,0.050000000000000044,average,fastANI,688
TOBG_NAT-205.fna,689_0,0.050000000000000044,average,fastANI,689
TOBG_SP-82.fna,690_0,0.050000000000000044,average,fastANI,690
TOBG_CPC-309.fna,691_0,0.050000000000000044,average,fastANI,691
TOBG_NAT-231.fna,692_0,0.050000000000000044,average,fastANI,692
TOBG_SP-283.fna,693_0,0.050000000000000044,average,fastANI,693
TOBG_RS-439.fna,694_1,0.050000000000000044,average,fastANI,694
TOBG_SP-190.fna,694_1,0.050000000000000044,average,fastANI,694
TOBG_MED-1247.fna,694_2,0.050000000000000044,average,fastANI,694
TOBG_SAT-1342.fna,695_0,0.050000000000000044,average,fastANI,695
TOBG_NP-104.fna,696_0,0.050000000000000044,average,fastANI,696
TOBG_RS-352.fna,697_0,0.050000000000000044,average,fastANI,697
TOBG_EAC-95.fna,698_1,0.050000000000000044,average,fastANI,698
TOBG_SAT-104.fna,698_1,0.050000000000000044,average,fastANI,698
TOBG_MED-603.fna,699_1,0.050000000000000044,average,fastANI,699
TOBG_MED-604.fna,699_2,0.050000000000000044,average,fastANI,699
TOBG_CPC-41.fna,700_1,0.050000000000000044,average,fastANI,700
TOBG_SP-31.fna,700_1,0.050000000000000044,average,fastANI,700
TOBG_MED-734.fna,701_0,0.050000000000000044,average,fastANI,701
TOBG_SAT-65.fna,702_0,0.050000000000000044,average,fastANI,702
TOBG_SAT-43.fna,703_0,0.050000000000000044,average,fastANI,703
TOBG_SP-162.fna,704_0,0.050000000000000044,average,fastANI,704
TOBG_NAT-258.fna,705_0,0.050000000000000044,average,fastANI,705
TOBG_NP-89.fna,706_0,0.050000000000000044,average,fastANI,706
TOBG_NAT-210.fna,707_1,0.050000000000000044,average,fastANI,707
TOBG_SP-167.fna,707_1,0.050000000000000044,average,fastANI,707
TOBG_ARS-18.fna,708_1,0.050000000000000044,average,fastANI,708
TOBG_EAC-45.fna,708_1,0.050000000000000044,average,fastANI,708
TOBG_SAT-101.fna,708_1,0.050000000000000044,average,fastANI,708
TOBG_SP-3072.fna,708_1,0.050000000000000044,average,fastANI,708
TOBG_NAT-282.fna,709_1,0.050000000000000044,average,fastANI,709
TOBG_SP-45.fna,709_1,0.050000000000000044,average,fastANI,709
TOBG_SAT-105.fna,710_1,0.050000000000000044,average,fastANI,710
TOBG_SP-305.fna,710_1,0.050000000000000044,average,fastANI,710
TOBG_MED-682.fna,711_0,0.050000000000000044,average,fastANI,711
TOBG_EAC-74.fna,712_1,0.050000000000000044,average,fastANI,712
TOBG_SP-74.fna,712_1,0.050000000000000044,average,fastANI,712
TOBG_SP-104.fna,713_0,0.050000000000000044,average,fastANI,713
TOBG_CPC-294.fna,714_1,0.050000000000000044,average,fastANI,714
TOBG_EAC-3.fna,714_1,0.050000000000000044,average,fastANI,714
TOBG_NAT-15.fna,714_1,0.050000000000000044,average,fastANI,714
TOBG_CPC-9.fna,715_0,0.050000000000000044,average,fastANI,715
TOBG_NAT-85.fna,716_1,0.050000000000000044,average,fastANI,716
TOBG_SAT-51.fna,716_1,0.050000000000000044,average,fastANI,716
TOBG_EAC-66.fna,717_1,0.050000000000000044,average,fastANI,717
TOBG_NAT-92.fna,717_1,0.050000000000000044,average,fastANI,717
TOBG_SP-3030.fna,717_1,0.050000000000000044,average,fastANI,717
TOBG_EAC-68.fna,718_0,0.050000000000000044,average,fastANI,718
TOBG_ARS-1018.fna,719_0,0.050000000000000044,average,fastANI,719
TOBG_ARS-1199.fna,720_0,0.050000000000000044,average,fastANI,720
TOBG_NAT-165.fna,721_0,0.050000000000000044,average,fastANI,721
TOBG_MED-614.fna,722_0,0.050000000000000044,average,fastANI,722
TOBG_MED-853.fna,723_0,0.050000000000000044,average,fastANI,723
TOBG_RS-428.fna,724_0,0.050000000000000044,average,fastANI,724
TOBG_SAT-1289.fna,725_0,0.050000000000000044,average,fastANI,725
TOBG_MED-735.fna,726_0,0.050000000000000044,average,fastANI,726
TOBG_SAT-107.fna,727_0,0.050000000000000044,average,fastANI,727
TOBG_CPC-288.fna,728_1,0.050000000000000044,average,fastANI,728
TOBG_MED-818.fna,728_1,0.050000000000000044,average,fastANI,728
TOBG_MED-763.fna,729_0,0.050000000000000044,average,fastANI,729
TOBG_MED-619.fna,730_0,0.050000000000000044,average,fastANI,730
TOBG_MED-762.fna,731_0,0.050000000000000044,average,fastANI,731
TOBG_MED-796.fna,732_0,0.050000000000000044,average,fastANI,732
TOBG_MED-623.fna,733_0,0.050000000000000044,average,fastANI,733
TOBG_NAT-236.fna,734_0,0.050000000000000044,average,fastANI,734
TOBG_SAT-226.fna,735_0,0.050000000000000044,average,fastANI,735
TOBG_MED-621.fna,736_1,0.050000000000000044,average,fastANI,736
TOBG_NAT-187.fna,736_1,0.050000000000000044,average,fastANI,736
TOBG_ARS-86.fna,737_1,0.050000000000000044,average,fastANI,737
TOBG_SAT-103.fna,737_1,0.050000000000000044,average,fastANI,737
TOBG_SAT-175.fna,738_0,0.050000000000000044,average,fastANI,738
TOBG_SP-19.fna,739_0,0.050000000000000044,average,fastANI,739
TOBG_NAT-248.fna,740_1,0.050000000000000044,average,fastANI,740
TOBG_SP-3028.fna,740_2,0.050000000000000044,average,fastANI,740
TOBG_CPC-323.fna,741_0,0.050000000000000044,average,fastANI,741
TOBG_SP-29.fna,742_0,0.050000000000000044,average,fastANI,742
TOBG_EAC-51.fna,743_1,0.050000000000000044,average,fastANI,743
TOBG_SAT-49.fna,743_1,0.050000000000000044,average,fastANI,743
TOBG_SP-76.fna,743_1,0.050000000000000044,average,fastANI,743
TOBG_IN-17.fna,744_1,0.050000000000000044,average,fastANI,744
TOBG_SAT-59.fna,744_1,0.050000000000000044,average,fastANI,744
TOBG_SAT-99.fna,745_0,0.050000000000000044,average,fastANI,745
TOBG_EAC-92.fna,746_1,0.050000000000000044,average,fastANI,746
TOBG_IN-23.fna,746_1,0.050000000000000044,average,fastANI,746
TOBG_SAT-67.fna,746_1,0.050000000000000044,average,fastANI,746
TOBG_SAT-25.fna,747_0,0.050000000000000044,average,fastANI,747
TOBG_MED-654.fna,748_1,0.050000000000000044,average,fastANI,748
TOBG_RS-438.fna,748_2,0.050000000000000044,average,fastANI,748
TOBG_NAT-41.fna,749_0,0.050000000000000044,average,fastANI,749
TOBG_CPC-67.fna,750_1,0.050000000000000044,average,fastANI,750
TOBG_EAC-31.fna,750_1,0.050000000000000044,average,fastANI,750
TOBG_SAT-106.fna,750_1,0.050000000000000044,average,fastANI,750
TOBG_NAT-5.fna,750_2,0.050000000000000044,average,fastANI,750
TOBG_CPC-70.fna,751_1,0.050000000000000044,average,fastANI,751
TOBG_NP-91.fna,751_1,0.050000000000000044,average,fastANI,751
TOBG_SP-75.fna,751_2,0.050000000000000044,average,fastANI,751
TOBG_EAC-108.fna,752_0,0.050000000000000044,average,fastANI,752
TOBG_EAC-109.fna,753_0,0.050000000000000044,average,fastANI,753
TOBG_EAC-46.fna,754_0,0.050000000000000044,average,fastANI,754
TOBG_SAT-1509.fna,755_0,0.050000000000000044,average,fastANI,755
TOBG_NAT-111.fna,756_0,0.050000000000000044,average,fastANI,756
TOBG_SP-11.fna,757_0,0.050000000000000044,average,fastANI,757
TOBG_NP-11.fna,758_0,0.050000000000000044,average,fastANI,758
TOBG_EAC-4.fna,759_1,0.050000000000000044,average,fastANI,759
TOBG_SAT-19.fna,759_1,0.050000000000000044,average,fastANI,759
TOBG_MED-588.fna,760_0,0.050000000000000044,average,fastANI,760
TOBG_SAT-130.fna,761_0,0.050000000000000044,average,fastANI,761
TOBG_SP-70.fna,762_0,0.050000000000000044,average,fastANI,762
TOBG_SAT-141.fna,763_0,0.050000000000000044,average,fastANI,763
TOBG_ARS-95.fna,764_0,0.050000000000000044,average,fastANI,764
TOBG_SAT-138.fna,765_0,0.050000000000000044,average,fastANI,765
TOBG_NP-55.fna,766_0,0.050000000000000044,average,fastANI,766
TOBG_NP-932.fna,767_0,0.050000000000000044,average,fastANI,767
TOBG_NAT-203.fna,768_0,0.050000000000000044,average,fastANI,768
TOBG_NAT-422.fna,769_0,0.050000000000000044,average,fastANI,769
TOBG_SAT-154.fna,770_0,0.050000000000000044,average,fastANI,770
TOBG_MED-1105.fna,771_0,0.050000000000000044,average,fastANI,771
TOBG_SP-2983.fna,772_0,0.050000000000000044,average,fastANI,772
TOBG_EAC-624.fna,773_1,0.050000000000000044,average,fastANI,773
TOBG_RS-389.fna,773_1,0.050000000000000044,average,fastANI,773
TOBG_SP-243.fna,773_1,0.050000000000000044,average,fastANI,773
TOBG_RS-350.fna,774_1,0.050000000000000044,average,fastANI,774
TOBG_SAT-193.fna,774_1,0.050000000000000044,average,fastANI,774
TOBG_EAC-682.fna,775_0,0.050000000000000044,average,fastANI,775
TOBG_SP-4388.fna,776_0,0.050000000000000044,average,fastANI,776
TOBG_MED-673.fna,777_0,0.050000000000000044,average,fastANI,777
TOBG_NAT-52.fna,778_0,0.050000000000000044,average,fastANI,778
TOBG_EAC-723.fna,779_1,0.050000000000000044,average,fastANI,779
TOBG_SP-3971.fna,779_1,0.050000000000000044,average,fastANI,779
TOBG_RS-365.fna,780_0,0.050000000000000044,average,fastANI,780
TOBG_MED-972.fna,781_0,0.050000000000000044,average,fastANI,781
TOBG_NAT-200.fna,782_0,0.050000000000000044,average,fastANI,782
TOBG_MED-806.fna,783_0,0.050000000000000044,average,fastANI,783
TOBG_SP-3111.fna,784_0,0.050000000000000044,average,fastANI,784
TOBG_SP-3097.fna,785_0,0.050000000000000044,average,fastANI,785
TOBG_SP-3119.fna,786_0,0.050000000000000044,average,fastANI,786
TOBG_NAT-221.fna,787_0,0.050000000000000044,average,fastANI,787
TOBG_SP-342.fna,788_0,0.050000000000000044,average,fastANI,788
TOBG_ARS-1176.fna,789_0,0.050000000000000044,average,fastANI,789
TOBG_SP-328.fna,790_0,0.050000000000000044,average,fastANI,790
TOBG_EAC-649.fna,791_1,0.050000000000000044,average,fastANI,791
TOBG_RS-816.fna,791_1,0.050000000000000044,average,fastANI,791
TOBG_MED-746.fna,791_2,0.050000000000000044,average,fastANI,791
TOBG_SAT-2619.fna,792_0,0.050000000000000044,average,fastANI,792
TOBG_NAT-224.fna,793_0,0.050000000000000044,average,fastANI,793
TOBG_MED-598.fna,794_0,0.050000000000000044,average,fastANI,794
TOBG_MED-645.fna,795_0,0.050000000000000044,average,fastANI,795
TOBG_SP-108.fna,796_0,0.050000000000000044,average,fastANI,796
TOBG_EAC-11.fna,797_1,0.050000000000000044,average,fastANI,797
TOBG_MED-829.fna,797_2,0.050000000000000044,average,fastANI,797
TOBG_EAC-78.fna,798_0,0.050000000000000044,average,fastANI,798
TOBG_MED-757.fna,799_0,0.050000000000000044,average,fastANI,799
TOBG_SP-3060.fna,800_0,0.050000000000000044,average,fastANI,800
TOBG_SP-84.fna,801_0,0.050000000000000044,average,fastANI,801
TOBG_MED-713.fna,802_1,0.050000000000000044,average,fastANI,802
TOBG_SAT-1607.fna,802_1,0.050000000000000044,average,fastANI,802
TOBG_NAT-510.fna,803_0,0.050000000000000044,average,fastANI,803
TOBG_SAT-211.fna,804_0,0.050000000000000044,average,fastANI,804
TOBG_NAT-509.fna,805_0,0.050000000000000044,average,fastANI,805
TOBG_EAC-99.fna,806_1,0.050000000000000044,average,fastANI,806
TOBG_MED-731.fna,806_1,0.050000000000000044,average,fastANI,806
TOBG_NAT-53.fna,806_1,0.050000000000000044,average,fastANI,806
TOBG_NAT-430.fna,807_0,0.050000000000000044,average,fastANI,807
TOBG_SP-78.fna,808_0,0.050000000000000044,average,fastANI,808
TOBG_EAC-117.fna,809_0,0.050000000000000044,average,fastANI,809
TOBG_SAT-1450.fna,810_0,0.050000000000000044,average,fastANI,810
TOBG_NAT-74.fna,811_0,0.050000000000000044,average,fastANI,811
TOBG_NAT-62.fna,812_0,0.050000000000000044,average,fastANI,812
TOBG_NAT-81.fna,813_1,0.050000000000000044,average,fastANI,813
TOBG_NP-41.fna,813_1,0.050000000000000044,average,fastANI,813
TOBG_SAT-1451.fna,813_1,0.050000000000000044,average,fastANI,813
TOBG_SP-142.fna,814_0,0.050000000000000044,average,fastANI,814
TOBG_NAT-1.fna,815_0,0.050000000000000044,average,fastANI,815
TOBG_CPC-53.fna,816_1,0.050000000000000044,average,fastANI,816
TOBG_NP-955.fna,816_1,0.050000000000000044,average,fastANI,816
TOBG_SP-35.fna,816_1,0.050000000000000044,average,fastANI,816
TOBG_RS-826.fna,817_0,0.050000000000000044,average,fastANI,817
TOBG_SP-4360.fna,818_0,0.050000000000000044,average,fastANI,818
TOBG_SP-102.fna,819_0,0.050000000000000044,average,fastANI,819
TOBG_SP-3966.fna,820_0,0.050000000000000044,average,fastANI,820
TOBG_EAC-83.fna,821_1,0.050000000000000044,average,fastANI,821
TOBG_RS-346.fna,821_1,0.050000000000000044,average,fastANI,821
TOBG_SP-188.fna,821_1,0.050000000000000044,average,fastANI,821
TOBG_SP-343.fna,822_0,0.050000000000000044,average,fastANI,822
TOBG_NAT-220.fna,823_0,0.050000000000000044,average,fastANI,823
TOBG_RS-416.fna,824_0,0.050000000000000044,average,fastANI,824
TOBG_NAT-241.fna,825_0,0.050000000000000044,average,fastANI,825
TOBG_MED-732.fna,826_0,0.050000000000000044,average,fastANI,826
TOBG_SP-292.fna,827_0,0.050000000000000044,average,fastANI,827
TOBG_EAC-34.fna,828_1,0.050000000000000044,average,fastANI,828
TOBG_RS-453.fna,828_1,0.050000000000000044,average,fastANI,828
TOBG_SAT-220.fna,828_1,0.050000000000000044,average,fastANI,828
TOBG_SP-69.fna,828_1,0.050000000000000044,average,fastANI,828
TOBG_MED-1233.fna,829_0,0.050000000000000044,average,fastANI,829
TOBG_MED-736.fna,830_0,0.050000000000000044,average,fastANI,830
TOBG_NAT-18.fna,831_0,0.050000000000000044,average,fastANI,831
TOBG_MED-835.fna,832_0,0.050000000000000044,average,fastANI,832
TOBG_SP-196.fna,833_0,0.050000000000000044,average,fastANI,833
TOBG_SP-267.fna,834_0,0.050000000000000044,average,fastANI,834
TOBG_MED-712.fna,835_0,0.050000000000000044,average,fastANI,835
TOBG_SP-224.fna,836_0,0.050000000000000044,average,fastANI,836
TOBG_EAC-2011.fna,837_1,0.050000000000000044,average,fastANI,837
TOBG_SAT-221.fna,837_1,0.050000000000000044,average,fastANI,837
TOBG_SP-344.fna,837_1,0.050000000000000044,average,fastANI,837
TOBG_MED-744.fna,838_0,0.050000000000000044,average,fastANI,838
TOBG_MED-747.fna,839_0,0.050000000000000044,average,fastANI,839
TOBG_CPC-97.fna,840_1,0.050000000000000044,average,fastANI,840
TOBG_MED-596.fna,840_2,0.050000000000000044,average,fastANI,840
TOBG_MED-703.fna,841_0,0.050000000000000044,average,fastANI,841
TOBG_RS-820.fna,842_0,0.050000000000000044,average,fastANI,842
TOBG_SP-262.fna,843_0,0.050000000000000044,average,fastANI,843
TOBG_SP-316.fna,844_0,0.050000000000000044,average,fastANI,844
TOBG_MED-589.fna,845_0,0.050000000000000044,average,fastANI,845
TOBG_NAT-190.fna,846_0,0.050000000000000044,average,fastANI,846
TOBG_NP-132.fna,847_0,0.050000000000000044,average,fastANI,847
TOBG_MED-650.fna,848_0,0.050000000000000044,average,fastANI,848
TOBG_RS-344.fna,849_0,0.050000000000000044,average,fastANI,849
TOBG_MED-831.fna,850_0,0.050000000000000044,average,fastANI,850
TOBG_EAC-657.fna,851_0,0.050000000000000044,average,fastANI,851
TOBG_NAT-40.fna,852_0,0.050000000000000044,average,fastANI,852
TOBG_MED-850.fna,853_0,0.050000000000000044,average,fastANI,853
TOBG_NAT-70.fna,854_0,0.050000000000000044,average,fastANI,854
TOBG_NAT-39.fna,855_0,0.050000000000000044,average,fastANI,855
TOBG_NP-970.fna,856_0,0.050000000000000044,average,fastANI,856
TOBG_ARS-1019.fna,857_0,0.050000000000000044,average,fastANI,857
TOBG_EAC-81.fna,858_0,0.050000000000000044,average,fastANI,858
TOBG_CPC-3.fna,859_0,0.050000000000000044,average,fastANI,859
TOBG_NAT-535.fna,860_1,0.050000000000000044,average,fastANI,860
TOBG_SAT-1431.fna,860_1,0.050000000000000044,average,fastANI,860
TOBG_SP-174.fna,860_1,0.050000000000000044,average,fastANI,860
TOBG_SP-4154.fna,861_0,0.050000000000000044,average,fastANI,861
TOBG_RS-419.fna,862_0,0.050000000000000044,average,fastANI,862
TOBG_SP-89.fna,863_0,0.050000000000000044,average,fastANI,863
TOBG_NP-1052.fna,864_0,0.050000000000000044,average,fastANI,864
TOBG_SP-293.fna,865_0,0.050000000000000044,average,fastANI,865
TOBG_NAT-145.fna,866_0,0.050000000000000044,average,fastANI,866
TOBG_NP-1046.fna,867_0,0.050000000000000044,average,fastANI,867
TOBG_SP-13.fna,868_0,0.050000000000000044,average,fastANI,868
TOBG_MED-630.fna,869_0,0.050000000000000044,average,fastANI,869
TOBG_NP-17.fna,870_0,0.050000000000000044,average,fastANI,870
TOBG_MED-748.fna,871_0,0.050000000000000044,average,fastANI,871
TOBG_NP-931.fna,872_1,0.050000000000000044,average,fastANI,872
TOBG_SP-335.fna,872_1,0.050000000000000044,average,fastANI,872
TOBG_MED-641.fna,873_0,0.050000000000000044,average,fastANI,873
TOBG_EAC-1785.fna,874_1,0.050000000000000044,average,fastANI,874
TOBG_SAT-201.fna,874_1,0.050000000000000044,average,fastANI,874
TOBG_MED-1153.fna,875_0,0.050000000000000044,average,fastANI,875
TOBG_MED-827.fna,876_0,0.050000000000000044,average,fastANI,876
TOBG_MED-965.fna,877_0,0.050000000000000044,average,fastANI,877
TOBG_SP-299.fna,878_0,0.050000000000000044,average,fastANI,878
TOBG_CPC-305.fna,879_0,0.050000000000000044,average,fastANI,879
TOBG_SP-94.fna,880_0,0.050000000000000044,average,fastANI,880
TOBG_NP-1070.fna,881_1,0.050000000000000044,average,fastANI,881
TOBG_SP-2975.fna,881_2,0.050000000000000044,average,fastANI,881
TOBG_MED-1094.fna,882_0,0.050000000000000044,average,fastANI,882
TOBG_ARS-59.fna,883_1,0.050000000000000044,average,fastANI,883
TOBG_SP-156.fna,883_1,0.050000000000000044,average,fastANI,883
TOBG_MED-803.fna,883_2,0.050000000000000044,average,fastANI,883
TOBG_MED-834.fna,884_0,0.050000000000000044,average,fastANI,884
TOBG_MED-756.fna,885_0,0.050000000000000044,average,fastANI,885
TOBG_MED-629.fna,886_1,0.050000000000000044,average,fastANI,886
TOBG_NP-53.fna,886_2,0.050000000000000044,average,fastANI,886
TOBG_SAT-155.fna,887_0,0.050000000000000044,average,fastANI,887
TOBG_CPC-289.fna,888_0,0.050000000000000044,average,fastANI,888
TOBG_MED-1116.fna,889_0,0.050000000000000044,average,fastANI,889
TOBG_SP-27.fna,890_0,0.050000000000000044,average,fastANI,890
TOBG_MED-689.fna,891_0,0.050000000000000044,average,fastANI,891
TOBG_MED-715.fna,892_0,0.050000000000000044,average,fastANI,892
TOBG_MED-1155.fna,893_0,0.050000000000000044,average,fastANI,893
TOBG_SP-337.fna,894_0,0.050000000000000044,average,fastANI,894
TOBG_SP-486.fna,895_0,0.050000000000000044,average,fastANI,895
TOBG_MED-667.fna,896_0,0.050000000000000044,average,fastANI,896
TOBG_SP-38.fna,897_0,0.050000000000000044,average,fastANI,897
TOBG_NAT-32.fna,898_1,0.050000000000000044,average,fastANI,898
TOBG_NP-23.fna,898_1,0.050000000000000044,average,fastANI,898
TOBG_MED-861.fna,899_0,0.050000000000000044,average,fastANI,899
TOBG_NP-32.fna,900_0,0.050000000000000044,average,fastANI,900
TOBG_CPC-31.fna,901_0,0.050000000000000044,average,fastANI,901
TOBG_SAT-87.fna,902_0,0.050000000000000044,average,fastANI,902
TOBG_NP-99.fna,903_0,0.050000000000000044,average,fastANI,903
TOBG_RS-376.fna,904_1,0.050000000000000044,average,fastANI,904
TOBG_SP-12.fna,904_1,0.050000000000000044,average,fastANI,904
TOBG_ARS-75.fna,905_1,0.050000000000000044,average,fastANI,905
TOBG_EAC-662.fna,905_1,0.050000000000000044,average,fastANI,905
TOBG_SP-115.fna,906_0,0.050000000000000044,average,fastANI,906
TOBG_NAT-66.fna,907_1,0.050000000000000044,average,fastANI,907
TOBG_RS-380.fna,907_1,0.050000000000000044,average,fastANI,907
TOBG_MED-674.fna,908_0,0.050000000000000044,average,fastANI,908
TOBG_MED-616.fna,909_1,0.050000000000000044,average,fastANI,909
TOBG_RS-412.fna,909_1,0.050000000000000044,average,fastANI,909
TOBG_MED-1227.fna,910_0,0.050000000000000044,average,fastANI,910
TOBG_MED-585.fna,911_0,0.050000000000000044,average,fastANI,911
TOBG_MED-617.fna,912_0,0.050000000000000044,average,fastANI,912
TOBG_MED-657.fna,913_0,0.050000000000000044,average,fastANI,913
TOBG_SAT-1403.fna,914_0,0.050000000000000044,average,fastANI,914
TOBG_IN-18.fna,915_1,0.050000000000000044,average,fastANI,915
TOBG_SAT-9.fna,915_1,0.050000000000000044,average,fastANI,915
TOBG_SP-123.fna,915_1,0.050000000000000044,average,fastANI,915
TOBG_EAC-21.fna,915_2,0.050000000000000044,average,fastANI,915
TOBG_SAT-60.fna,916_0,0.050000000000000044,average,fastANI,916
TOBG_ARS-1434.fna,917_0,0.050000000000000044,average,fastANI,917
TOBG_MED-620.fna,918_0,0.050000000000000044,average,fastANI,918
TOBG_MED-797.fna,919_0,0.050000000000000044,average,fastANI,919
TOBG_SAT-2755.fna,920_0,0.050000000000000044,average,fastANI,920
TOBG_SP-101.fna,921_0,0.050000000000000044,average,fastANI,921
TOBG_SP-18.fna,922_0,0.050000000000000044,average,fastANI,922
TOBG_NAT-72.fna,923_0,0.050000000000000044,average,fastANI,923
TOBG_SP-285.fna,924_0,0.050000000000000044,average,fastANI,924
TOBG_EAC-13.fna,925_0,0.050000000000000044,average,fastANI,925
TOBG_SP-4027.fna,926_0,0.050000000000000044,average,fastANI,926
TOBG_ARS-28.fna,927_1,0.050000000000000044,average,fastANI,927
TOBG_RS-423.fna,927_1,0.050000000000000044,average,fastANI,927
TOBG_MED-599.fna,927_2,0.050000000000000044,average,fastANI,927
TOBG_NAT-79.fna,927_2,0.050000000000000044,average,fastANI,927
TOBG_NP-60.fna,927_2,0.050000000000000044,average,fastANI,927
TOBG_SAT-10.fna,927_2,0.050000000000000044,average,fastANI,927
TOBG_NP-101.fna,928_0,0.050000000000000044,average,fastANI,928
TOBG_SP-81.fna,929_0,0.050000000000000044,average,fastANI,929
TOBG_MED-716.fna,930_0,0.050000000000000044,average,fastANI,930
TOBG_MED-1261.fna,931_0,0.050000000000000044,average,fastANI,931
TOBG_SP-3029.fna,932_0,0.050000000000000044,average,fastANI,932
TOBG_SP-289.fna,933_0,0.050000000000000044,average,fastANI,933
TOBG_CPC-1399.fna,934_0,0.050000000000000044,average,fastANI,934
TOBG_NAT-686.fna,935_0,0.050000000000000044,average,fastANI,935
TOBG_NAT-259.fna,936_1,0.050000000000000044,average,fastANI,936
TOBG_NP-64.fna,936_1,0.050000000000000044,average,fastANI,936
TOBG_MED-828.fna,937_0,0.050000000000000044,average,fastANI,937
TOBG_SAT-17.fna,938_0,0.050000000000000044,average,fastANI,938
TOBG_SP-362.fna,939_0,0.050000000000000044,average,fastANI,939
TOBG_SAT-137.fna,940_0,0.050000000000000044,average,fastANI,940
TOBG_MED-809.fna,941_0,0.050000000000000044,average,fastANI,941
TOBG_NAT-237.fna,942_0,0.050000000000000044,average,fastANI,942
TOBG_MED-765.fna,943_0,0.050000000000000044,average,fastANI,943
TOBG_SAT-197.fna,944_0,0.050000000000000044,average,fastANI,944
TOBG_NP-945.fna,945_0,0.050000000000000044,average,fastANI,945
TOBG_NAT-176.fna,946_1,0.050000000000000044,average,fastANI,946
TOBG_NP-120.fna,946_1,0.050000000000000044,average,fastANI,946
TOBG_NP-47.fna,947_0,0.050000000000000044,average,fastANI,947
TOBG_SP-332.fna,948_0,0.050000000000000044,average,fastANI,948
TOBG_SP-250.fna,949_0,0.050000000000000044,average,fastANI,949
TOBG_SP-330.fna,950_0,0.050000000000000044,average,fastANI,950
TOBG_NAT-197.fna,951_0,0.050000000000000044,average,fastANI,951
TOBG_MED-792.fna,952_0,0.050000000000000044,average,fastANI,952
TOBG_SP-22.fna,953_0,0.050000000000000044,average,fastANI,953
TOBG_NP-150.fna,954_0,0.050000000000000044,average,fastANI,954
TOBG_RS-373.fna,955_0,0.050000000000000044,average,fastANI,955
TOBG_EAC-62.fna,956_1,0.050000000000000044,average,fastANI,956
TOBG_IN-10.fna,956_1,0.050000000000000044,average,fastANI,956
TOBG_SAT-117.fna,956_1,0.050000000000000044,average,fastANI,956
TOBG_CPC-79.fna,957_0,0.050000000000000044,average,fastANI,957
TOBG_EAC-52.fna,958_0,0.050000000000000044,average,fastANI,958
TOBG_SP-154.fna,959_0,0.050000000000000044,average,fastANI,959
TOBG_SP-360.fna,960_0,0.050000000000000044,average,fastANI,960
TOBG_EAC-32.fna,961_0,0.050000000000000044,average,fastANI,961
TOBG_SP-201.fna,962_0,0.050000000000000044,average,fastANI,962
TOBG_SP-189.fna,963_0,0.050000000000000044,average,fastANI,963
TOBG_SP-3.fna,964_0,0.050000000000000044,average,fastANI,964
TOBG_SP-8.fna,965_0,0.050000000000000044,average,fastANI,965
TOBG_ARS-67.fna,966_0,0.050000000000000044,average,fastANI,966
TOBG_NAT-102.fna,967_0,0.050000000000000044,average,fastANI,967
TOBG_ARS-102.fna,968_0,0.050000000000000044,average,fastANI,968
TOBG_SAT-1401.fna,969_0,0.050000000000000044,average,fastANI,969
TOBG_SP-21.fna,970_0,0.050000000000000044,average,fastANI,970
TOBG_SP-2999.fna,971_0,0.050000000000000044,average,fastANI,971
TOBG_NAT-182.fna,972_0,0.050000000000000044,average,fastANI,972
TOBG_SAT-2766.fna,973_0,0.050000000000000044,average,fastANI,973
TOBG_SP-157.fna,974_0,0.050000000000000044,average,fastANI,974
TOBG_MED-768.fna,975_0,0.050000000000000044,average,fastANI,975
TOBG_MED-820.fna,976_0,0.050000000000000044,average,fastANI,976
TOBG_MED-582.fna,977_0,0.050000000000000044,average,fastANI,977
TOBG_MED-729.fna,978_0,0.050000000000000044,average,fastANI,978
TOBG_SP-3055.fna,979_0,0.050000000000000044,average,fastANI,979
TOBG_NP-100.fna,980_0,0.050000000000000044,average,fastANI,980
TOBG_MED-635.fna,981_1,0.050000000000000044,average,fastANI,981
TOBG_SAT-47.fna,981_1,0.050000000000000044,average,fastANI,981
TOBG_CPC-23.fna,982_0,0.050000000000000044,average,fastANI,982
TOBG_ARS-45.fna,983_0,0.050000000000000044,average,fastANI,983
TOBG_SAT-180.fna,984_0,0.050000000000000044,average,fastANI,984
TOBG_ARS-13.fna,985_1,0.050000000000000044,average,fastANI,985
TOBG_SAT-195.fna,985_1,0.050000000000000044,average,fastANI,985
TOBG_ARS-93.fna,986_0,0.050000000000000044,average,fastANI,986
TOBG_ARS-71.fna,987_0,0.050000000000000044,average,fastANI,987
TOBG_EAC-29.fna,988_0,0.050000000000000044,average,fastANI,988
TOBG_MED-597.fna,989_0,0.050000000000000044,average,fastANI,989
TOBG_SAT-2911.fna,990_0,0.050000000000000044,average,fastANI,990
TOBG_SP-4220.fna,991_0,0.050000000000000044,average,fastANI,991
TOBG_ARS-1358.fna,992_0,0.050000000000000044,average,fastANI,992
TOBG_MED-1017.fna,993_0,0.050000000000000044,average,fastANI,993
TOBG_MED-880.fna,994_0,0.050000000000000044,average,fastANI,994
